Date,Portfolio,Market_Excess,SMB,HML,RMW,CMA,RF
1/3/2013,-0.005065706,-0.0014,0.0014,4.00E-04,0.002,0.0023,0
1/4/2013,0.00402379,0.0055,0.0019,0.0043,-0.0037,0.0027,0
1/7/2013,0.004420937,-0.0031,-9.00E-04,-0.0037,-0.0013,-0.0012,0
1/8/2013,-0.004659185,-0.0027,4.00E-04,-7.00E-04,-0.0012,9.00E-04,0
1/9/2013,0.004636355,0.0034,0.0024,-0.0041,-7.00E-04,-0.0015,0
1/10/2013,0.00770915,0.0066,-0.0059,0.0051,-0.0015,3.00E-04,0
1/11/2013,0.003777133,2.00E-04,4.00E-04,-0.0045,0.0019,-0.0021,0
1/14/2013,-0.005627707,-6.00E-04,3.00E-04,-8.00E-04,-8.00E-04,0.0037,0
1/15/2013,-0.005215916,0.0019,0.0028,0,-5.00E-04,6.00E-04,0
1/16/2013,0.001091071,-4.00E-04,-0.0023,0.0023,-6.00E-04,-3.00E-04,0
1/17/2013,0.003075337,0.0061,0.0039,-9.00E-04,0.0015,-2.00E-04,0
1/18/2013,0.004265157,0.0029,3.00E-04,-0.0011,0.0018,0.0027,0
1/22/2013,0.003804994,0.0048,0.0022,0.0046,-0.0014,0.0011,0
1/23/2013,0.002830701,0.001,-0.0034,-0.0012,-0.0017,-0.0016,0
1/24/2013,-0.008521152,9.00E-04,0.0033,5.00E-04,-2.00E-04,0.0053,0
1/25/2013,0.010008894,0.0059,-6.00E-04,-0.0028,-0.0014,-0.0016,0
1/28/2013,0.001777765,-0.0014,0.0035,0.0012,2.00E-04,-5.00E-04,0
1/29/2013,-0.004662569,0.0036,-0.0044,0.0036,-0.001,0.003,0
1/30/2013,0.002188163,-0.0038,-0.0089,0.0012,-7.00E-04,0,0
1/31/2013,-0.005856452,-8.00E-04,0.0072,0.0019,-0.0021,0.001,0
2/1/2013,0.003155945,0.0099,8.00E-04,0.0026,-0.0027,-5.00E-04,0
2/4/2013,-0.016873213,-0.0119,-0.001,-0.0015,1.00E-04,2.00E-04,0
2/5/2013,0.014860328,0.0107,-5.00E-04,0.0018,-2.00E-04,-0.0011,0
2/6/2013,-0.000622034,0.0015,0.003,0.0012,-0.0016,4.00E-04,0
2/7/2013,0.001965954,-0.0015,-8.00E-04,2.00E-04,0.0017,-4.00E-04,0
2/8/2013,0.005145785,0.0058,3.00E-04,-0.0021,0.001,-0.0045,0
2/11/2013,-0.001552271,-8.00E-04,-3.00E-04,0.0039,-0.0019,0.0028,0
2/12/2013,-0.001853304,0.0016,0.0026,0.0071,-0.0052,0.0045,0
2/13/2013,0.009646717,0.0014,8.00E-04,-2.00E-04,-5.00E-04,-6.00E-04,0
2/14/2013,0.003145831,0.0011,0.0032,0.001,-0.0027,-0.002,0
2/15/2013,-0.004869084,-0.0011,0,-0.001,-4.00E-04,0.0013,0
2/19/2013,0.012224068,0.0074,0.0025,0.0017,-8.00E-04,0.0034,0
2/20/2013,-0.011568768,-0.0136,-0.0061,-0.0064,0.0027,0.0011,0
2/21/2013,-0.007921036,-0.0066,-0.0031,-6.00E-04,9.00E-04,0.0025,0
2/22/2013,0.005121731,0.0094,0.0017,-6.00E-04,-9.00E-04,-0.0013,0
2/25/2013,-0.015174522,-0.0182,-0.0026,-0.0072,0.0065,-0.0039,0
2/26/2013,0.004993339,0.0058,-0.0019,2.00E-04,-2.00E-04,0.0022,0
2/27/2013,0.00896211,0.0129,-0.0032,0.0016,-0.0021,3.00E-04,0
2/28/2013,-0.000450145,-5.00E-04,0.001,-0.0016,0,0,0
3/1/2013,0.001482887,0.0022,0.0011,-0.0033,-0.0012,0,0
3/4/2013,0.002568762,0.0047,-0.0041,0.001,-0.0039,0.0043,0
3/5/2013,0.008961964,0.01,0.002,-0.0017,9.00E-04,0,0
3/6/2013,-0.003239863,0.0018,0.0015,0.0047,-0.0019,0.0013,0
3/7/2013,0.007240559,0.0027,0.0022,0.0042,-0.0015,-2.00E-04,0
3/8/2013,-0.001224697,0.0052,0.0038,-0.0015,-2.00E-04,3.00E-04,0
3/11/2013,0.000855587,0.003,-0.0028,0.0023,5.00E-04,2.00E-04,0
3/12/2013,-0.003169969,-0.0022,4.00E-04,-0.0013,0.0029,7.00E-04,0
3/13/2013,-0.002720205,0.002,0.0023,8.00E-04,0.0012,0.0027,0
3/14/2013,0.003091011,0.0058,0.0041,0.0039,-3.00E-04,-1.00E-04,0
3/15/2013,-0.005815793,-0.0019,0.0013,0.0043,0.0025,0,0
3/18/2013,-0.003243481,-0.005,0.001,-0.0023,0.0038,-4.00E-04,0
3/19/2013,-0.000928758,-0.0024,-6.00E-04,3.00E-04,9.00E-04,0.0037,0
3/20/2013,-0.001013755,0.0076,0.0022,0,-0.0029,0.0021,0
3/21/2013,-0.006721412,-0.0085,0.0013,-0.0028,1.00E-04,7.00E-04,0
3/22/2013,0.009343481,0.0062,-0.0052,-0.003,0.0011,-0.0015,0
3/25/2013,-0.005040939,-0.0029,0.003,2.00E-04,0.0014,-3.00E-04,0
3/26/2013,0.005417466,0.0076,-0.0039,-0.0022,7.00E-04,-4.00E-04,0
3/27/2013,0.003339555,-2.00E-04,0.0012,-0.003,0.001,-0.001,0
3/28/2013,-0.003682278,0.0039,-0.0032,-0.003,-0.0025,9.00E-04,0
4/1/2013,-0.001974428,-0.0057,-0.0092,3.00E-04,6.00E-04,0.0026,0
4/2/2013,0.00526308,0.0033,-0.009,-0.0032,-4.00E-04,3.00E-04,0
4/3/2013,-0.005262946,-0.0116,-0.0042,-0.0019,0.005,-0.0012,0
4/4/2013,0.006594268,0.0042,0.0025,0.0025,-9.00E-04,0.0027,0
4/5/2013,-0.001872687,-0.0041,9.00E-04,0.0035,-0.001,0.0024,0
4/8/2013,0.000534014,0.007,0.0011,0.0028,-0.0031,0.0011,0
4/9/2013,0.005157219,0.0031,-0.0041,0.0019,-1.00E-04,-0.0039,0
4/10/2013,0.016031619,0.0128,0.0061,-0.001,-0.001,-7.00E-04,0
4/11/2013,0.000994716,0.0035,-0.0017,-0.0015,7.00E-04,0.0048,0
4/12/2013,-0.003813566,-0.0028,-0.0018,-0.0046,0,7.00E-04,0
4/15/2013,-0.0204981,-0.0248,-0.0149,-0.0028,4.00E-04,-5.00E-04,0
4/16/2013,0.011556951,0.0147,0.0015,7.00E-04,-0.0037,-6.00E-04,0
4/17/2013,-0.015926457,-0.0146,-0.0035,-0.0055,0.0012,0.0028,0
4/18/2013,-0.011527124,-0.0071,0.002,2.00E-04,0.0058,0.001,0
4/19/2013,0.005210642,0.0097,3.00E-04,0.0012,-0.0038,0.0019,0
4/22/2013,0.009492634,0.0045,-0.0018,-0.0014,0.0031,-0.0029,0
4/23/2013,0.009366206,0.0111,0.0053,0.0063,-0.005,0.0025,0
4/24/2013,0.001380516,6.00E-04,0.0051,0.0121,-3.00E-04,-0.0027,0
4/25/2013,0.004715805,0.0049,0.0023,1.00E-04,-5.00E-04,-7.00E-04,0
4/26/2013,-0.00303919,-0.002,-0.0035,-0.0022,0.001,9.00E-04,0
4/29/2013,0.006670737,0.0067,0.001,-8.00E-04,0.0021,-0.0032,0
4/30/2013,0.011313033,0.0029,0.0036,-5.00E-04,0.0019,-0.0029,0
5/1/2013,-0.011774407,-0.0108,-0.0146,-0.0027,-7.00E-04,-0.0011,0
5/2/2013,0.014905347,0.0104,0.0055,0.0013,-0.0047,-0.0025,0
5/3/2013,0.004033925,0.0112,0.006,0.0016,-0.0017,-0.0026,0
5/6/2013,-0.000360642,0.0023,0.0029,0.0084,-0.005,7.00E-04,0
5/7/2013,0.001998591,0.0054,0.002,0.0014,0.0025,0.0029,0
5/8/2013,0.006063526,0.0044,-0.0017,0.0014,5.00E-04,-0.0014,0
5/9/2013,-0.001856539,-0.0031,7.00E-04,-0.0029,3.00E-04,-0.0017,0
5/10/2013,-0.000616627,0.0054,0.0041,-0.002,-0.0025,-2.00E-04,0
5/13/2013,0.002909081,-2.00E-04,-0.0026,-5.00E-04,-0.0043,7.00E-04,0
5/14/2013,0.007871428,0.011,0.0017,0.003,-0.0025,0.0017,0
5/15/2013,-0.000436361,0.0051,-0.0012,0.0027,-8.00E-04,0.0031,0
5/16/2013,-0.002200926,-0.005,0.0017,-0.0027,0.0015,-0.0036,0
5/17/2013,0.011276565,0.0104,8.00E-04,0.0038,6.00E-04,-0.0016,0
5/20/2013,0.000806727,-6.00E-04,0.0044,0.0049,0.0032,-0.0021,0
5/21/2013,0.000738621,0.0016,-7.00E-04,-8.00E-04,0.002,0.0021,0
5/22/2013,-0.004579734,-0.0092,-0.0073,-0.0017,0.0022,0.0034,0
5/23/2013,-0.004585753,-0.0019,0.0049,-0.001,2.00E-04,8.00E-04,0
5/24/2013,-0.002950259,-6.00E-04,0.0015,5.00E-04,-6.00E-04,0,0
5/28/2013,0.00549834,0.0077,0.0068,0.0022,-0.0016,-0.0018,0
5/29/2013,-0.007233407,-0.007,-0.0025,0.0058,-0.0023,-0.0029,0
5/30/2013,0.009465121,0.005,0.0037,0.0048,-0.005,1.00E-04,0
5/31/2013,-0.01005131,-0.0131,0.0048,-0.0024,0.0018,-0.0013,0
6/3/2013,0.002692874,0.0048,0.0017,-0.0011,0.0026,-6.00E-04,0
6/4/2013,-0.004786132,-0.0055,-0.0026,-0.0016,0.0036,-3.00E-04,0
6/5/2013,-0.010920299,-0.0138,3.00E-04,-0.0026,0.0012,-0.0015,0
6/6/2013,0.004287467,0.0089,0.0019,0.0026,-0.0046,0.0035,0
6/7/2013,0.01326132,0.013,-0.0045,7.00E-04,-0.0024,-6.00E-04,0
6/10/2013,0.006694071,7.00E-04,0.0066,0.0021,-0.0025,-0.0011,0
6/11/2013,-0.01097153,-0.0104,-2.00E-04,-0.0058,0.0039,1.00E-04,0
6/12/2013,-0.00690978,-0.0082,4.00E-04,3.00E-04,0.0017,0.0015,0
6/13/2013,0.010140096,0.0147,0.0014,0.0031,-0.0018,0.0028,0
6/14/2013,-0.008713877,-0.0059,-0.0028,-0.0056,0.002,-3.00E-04,0
6/17/2013,0.010231716,0.0074,-9.00E-04,2.00E-04,-0.0023,-0.0039,0
6/18/2013,0.00812,0.008,0.0036,-6.00E-04,-2.00E-04,3.00E-04,0
6/19/2013,-0.013084751,-0.0128,0.0021,0.0011,-4.00E-04,-0.0029,0
6/20/2013,-0.021803884,-0.0245,2.00E-04,0.0034,6.00E-04,-0.0013,0
6/21/2013,0.002405608,0.0013,0.0018,-8.00E-04,-0.0023,0.001,0
6/24/2013,-0.008892605,-0.0119,0,-0.0066,0.0018,-0.0014,0
6/25/2013,0.008910799,0.0096,7.00E-04,0.0086,-0.003,0.003,0
6/26/2013,0.008327169,0.0092,-0.0072,-0.0013,4.00E-04,0.0018,0
6/27/2013,0.00456032,0.0077,0.0085,0.0036,-0.0043,0.0024,0
6/28/2013,-0.001229305,-0.0033,0.0031,-0.0014,0.0021,-0.0032,0
7/1/2013,0.005137131,0.0071,0.0073,-0.0014,-0.0035,0,0
7/2/2013,0.000451317,-0.001,3.00E-04,9.00E-04,6.00E-04,-9.00E-04,0
7/3/2013,0.002058342,0.0011,0.0016,-0.0021,0.0017,-6.00E-04,0
7/5/2013,0.007103036,0.0111,0.0041,0.0045,-0.0035,0.0014,0
7/8/2013,0.007346952,0.0053,-0.0014,5.00E-04,0.002,0.001,0
7/9/2013,0.009395172,0.0074,5.00E-04,0.0026,-1.00E-04,3.00E-04,0
7/10/2013,0.001084121,6.00E-04,0.0029,-0.0041,-0.0012,-0.001,0
7/11/2013,0.012828875,0.0132,-0.0018,-0.0062,-8.00E-04,-0.0016,0
7/12/2013,0.00227848,0.0033,-3.00E-04,0.002,-0.0066,5.00E-04,0
7/15/2013,0.001783755,0.002,0.0055,0.0034,-2.00E-04,7.00E-04,0
7/16/2013,0.001696071,-0.0041,4.00E-04,9.00E-04,0.0016,0.0027,0
7/17/2013,0.001610107,0.003,-4.00E-04,0.0018,-0.0041,4.00E-04,0
7/18/2013,-0.001066872,0.0054,0.0014,0.0095,-0.0025,0.0021,0
7/19/2013,-0.006885267,9.00E-04,-0.0011,0.0028,-0.0032,0.0047,0
7/22/2013,0.002977262,0.0022,0.0011,0.0029,-0.0015,9.00E-04,0
7/23/2013,-0.002246163,-0.0015,9.00E-04,0.0028,-6.00E-04,0.0028,0
7/24/2013,0.004956615,-0.0039,-0.0029,-0.0026,0.0064,-8.00E-04,0
7/25/2013,0.032549164,0.0042,0.0047,-0.0035,-0.005,-0.0027,0
7/26/2013,0.002941579,2.00E-04,-0.0065,-0.0021,0.0017,-0.002,0
7/29/2013,0.002969789,-0.0037,-0.0033,-0.0028,0.0031,-0.0016,0
7/30/2013,0.005528374,0.0012,0.0017,-0.0051,0.001,-9.00E-04,0
7/31/2013,-0.002960549,9.00E-04,0.002,9.00E-04,2.00E-04,-6.00E-04,0
8/1/2013,0.00739802,0.014,8.00E-04,5.00E-04,-0.0024,-0.0016,0
8/2/2013,0.003581127,0.002,-0.0024,-0.0033,-3.00E-04,-6.00E-04,0
8/5/2013,0.000133734,-7.00E-04,0.005,-0.0017,-2.00E-04,-9.00E-04,0
8/6/2013,-0.006203132,-0.0068,-0.0035,-0.001,0.0038,-5.00E-04,0
8/7/2013,0.000893588,-0.0042,-0.0036,2.00E-04,0.0027,6.00E-04,0
8/8/2013,0.00407744,0.0047,-1.00E-04,-1.00E-04,-3.00E-04,0.0016,0
8/9/2013,-0.005994322,-0.0029,0.0013,-0.002,0.0019,-0.0018,0
8/12/2013,0.000861784,-2.00E-04,0.0056,-0.0022,0.0017,-8.00E-04,0
8/13/2013,-0.000554545,0.002,-0.0028,-5.00E-04,6.00E-04,-0.0011,0
8/14/2013,-0.003706401,-0.005,0.0015,0.0028,-3.00E-04,2.00E-04,0
8/15/2013,-0.010010605,-0.0147,-0.0037,0.0029,-2.00E-04,2.00E-04,0
8/16/2013,0.000641865,-0.0026,5.00E-04,9.00E-04,-0.0017,-0.0013,0
8/19/2013,-0.002440314,-0.0062,-0.0026,-0.0075,0.006,-0.0033,0
8/20/2013,0.000988689,0.0053,0.0086,0.0013,-0.003,9.00E-04,0
8/21/2013,-0.005500221,-0.0059,-7.00E-04,-0.0046,-9.00E-04,-0.0031,0
8/22/2013,0.008776979,0.0093,0.005,5.00E-04,-0.0033,-0.0019,0
8/23/2013,0.017034587,0.0038,-0.0026,-0.0014,0.0012,-0.0025,0
8/26/2013,-0.005850658,-0.0029,0.0047,-0.005,-0.0013,-0.0025,0
8/27/2013,-0.019786923,-0.0175,-0.0074,-0.0032,0.007,4.00E-04,0
8/28/2013,0.005269874,0.003,0.0011,8.00E-04,-5.00E-04,-9.00E-04,0
8/29/2013,0.003063804,0.0034,0.0074,-0.0041,-0.0034,-0.0024,0
8/30/2013,-0.002635385,-0.0047,-0.0114,-0.0022,3.00E-04,-0.001,0
9/3/2013,-0.000832992,0.0046,6.00E-04,0.001,-0.005,-0.0023,0
9/4/2013,0.00648595,0.0083,-1.00E-04,-0.0015,-0.0017,9.00E-04,0
9/5/2013,0.000668025,0.0019,0.002,0.0037,-0.0021,-8.00E-04,0
9/6/2013,0.005620806,1.00E-04,1.00E-04,0,-0.0017,-9.00E-04,0
9/9/2013,0.009250799,0.0109,0.0043,-0.0022,-0.0019,-0.0014,0
9/10/2013,0.005221167,0.008,6.00E-04,0.0022,-0.0012,5.00E-04,0
9/11/2013,0.000899108,0.0028,-0.0024,1.00E-04,0.0022,0.0015,0
9/12/2013,-0.003234654,-0.0032,-0.0029,-0.0034,0.0015,-0.0015,0
9/13/2013,-0.001911918,0.0029,0.0027,-1.00E-04,0.002,0.0024,0
9/16/2013,-0.004943532,0.0049,-0.0038,0.004,0,0.0039,0
9/17/2013,0.013735552,0.0054,0.0042,-0.0013,-0.0036,-0.0021,0
9/18/2013,0.011898106,0.011,-0.0023,-0.0045,5.00E-04,-0.0018,0
9/19/2013,0.001803931,-0.0013,0.001,-0.006,0.0012,-0.0029,0
9/20/2013,-0.003572561,-0.0063,0.0051,0.0018,-9.00E-04,-0.0017,0
9/23/2013,-0.000786018,-0.0045,0.0042,-0.0037,0.0063,-0.0023,0
9/24/2013,-0.001703831,-0.0012,0.0049,1.00E-04,-0.0016,0,0
9/25/2013,0.001068473,-0.0023,0.0011,0.0058,-0.0041,2.00E-04,0
9/26/2013,0.006989412,0.0042,0.0015,-0.0073,0.0019,-0.0032,0
9/27/2013,0.000410423,-0.0039,-1.00E-04,-6.00E-04,7.00E-04,-0.0012,0
9/30/2013,-0.00830572,-0.0049,0.0051,6.00E-04,0.0017,4.00E-04,0
10/1/2013,0.010607064,0.009,0.0038,-0.0013,-8.00E-04,-0.0022,0
10/2/2013,0.002345887,-0.001,-0.0033,-8.00E-04,-9.00E-04,-8.00E-04,0
10/3/2013,-0.010021377,-0.0088,-0.0017,0.002,5.00E-04,0.0023,0
10/4/2013,0.009388259,0.0074,-1.00E-04,0.001,-0.0027,-0.0014,0
10/7/2013,-0.008000396,-0.0095,-0.0029,0,0.0012,0.0019,0
10/8/2013,-0.018920179,-0.0135,-0.004,0.0076,0.0061,0.0054,0
10/9/2013,0.000218798,-5.00E-04,-0.0036,0.0062,0.0039,0.0034,0
10/10/2013,0.022915276,0.0223,0.0019,-2.00E-04,-0.0034,-0.0028,0
10/11/2013,0.008273418,0.0071,0.0076,0,8.00E-04,-0.001,0
10/14/2013,0.003294979,0.0044,0.0021,-0.0011,9.00E-04,-0.0014,0
10/15/2013,-0.004103429,-0.0073,-0.0018,1.00E-04,0.0025,-0.0014,0
10/16/2013,0.014298475,0.0137,-0.003,0.0014,-0.0055,-0.001,0
10/17/2013,0.008011239,0.007,0.0012,4.00E-04,-0.0014,7.00E-04,0
10/18/2013,0.016192421,0.0073,0.0027,-5.00E-04,-7.00E-04,-0.0049,0
10/21/2013,0.004753928,-2.00E-04,-0.0011,5.00E-04,0.005,3.00E-04,0
10/22/2013,-0.001398054,0.005,-0.0029,9.00E-04,0.0022,0.0035,0
10/23/2013,-0.008914996,-0.0051,0.0016,-0.0033,0.0059,0.0021,0
10/24/2013,0.004120688,0.0042,0.0035,-0.003,0,-0.0016,0
10/25/2013,0.016025051,0.0033,-0.0034,0.0014,0.0016,4.00E-04,0
10/28/2013,-0.002345029,9.00E-04,-7.00E-04,2.00E-04,0.0032,0.0017,0
10/29/2013,0.001234933,0.0054,-0.0014,-0.0011,0.0013,0.0029,0
10/30/2013,0.000263051,-0.0061,-0.0075,0.0049,0.0047,6.00E-04,0
10/31/2013,0.000161916,-0.0034,-0.0011,-0.0043,0.0035,0.0015,0
11/1/2013,0.002329716,0.002,-0.0065,0.0022,0.002,0.0029,0
11/4/2013,0.000825042,0.0047,0.0075,-3.00E-04,8.00E-04,-4.00E-04,0
11/5/2013,0.002857315,-0.0023,-1.00E-04,-0.0025,0.0021,-0.001,0
11/6/2013,0.010350681,0.0027,-0.0081,0.0039,0.0029,0.0017,0
11/7/2013,-0.016817827,-0.0146,-0.0033,0.0018,0.0014,0.0031,0
11/8/2013,0.014291717,0.0145,0.0059,0.0041,-0.0053,-6.00E-04,0
11/11/2013,-0.002458529,0.0012,5.00E-04,-0.0013,-2.00E-04,-3.00E-04,0
11/12/2013,-0.001874195,-0.0019,0.0034,-0.007,0.0058,0.0014,0
11/13/2013,0.00973212,0.009,6.00E-04,-0.0012,-0.0041,-0.0021,0
11/14/2013,0.006935742,0.0043,-0.0057,0.0031,-5.00E-04,2.00E-04,0
11/15/2013,0.005064886,0.0043,6.00E-04,-0.0027,5.00E-04,-4.00E-04,0
11/18/2013,-0.008854093,-0.005,-0.0038,0.0045,0.0044,0.0029,0
11/19/2013,0.001605212,-0.0027,-0.003,0.0026,4.00E-04,0,0
11/20/2013,-0.002402643,-0.0033,0.0026,3.00E-04,0,-3.00E-04,0
11/21/2013,0.006644138,0.0097,0.0081,-6.00E-04,-0.0045,-0.0031,0
11/22/2013,0.002877754,0.005,-9.00E-04,0.0011,-8.00E-04,-4.00E-04,0
11/25/2013,-0.001736103,-0.0011,0.0017,0.0014,4.00E-04,0.0025,0
11/26/2013,0.002620737,0.0018,0.008,-0.0048,-0.0033,-0.0039,0
11/27/2013,0.006940602,0.003,0.0034,-6.00E-04,0.001,2.00E-04,0
11/29/2013,0.004264352,-2.00E-04,0.0026,-0.0017,0,-0.0018,0
12/2/2013,-0.002447457,-0.0031,-0.0093,0.0016,-4.00E-04,1.00E-04,0
12/3/2013,-0.000479905,-0.0034,-0.0012,-9.00E-04,0.0018,-3.00E-04,0
12/4/2013,0.006896927,-7.00E-04,-0.0022,0.0026,-0.0041,-0.0015,0
12/5/2013,-0.009170033,-0.0035,0.006,-0.0063,2.00E-04,-0.0043,0
12/6/2013,0.006297875,0.0102,-0.0028,0.002,-3.00E-04,0.0045,0
12/9/2013,0.006438597,0.0017,-0.0041,0,-3.00E-04,3.00E-04,0
12/10/2013,0.000883933,-0.0034,-0.0053,0.002,-2.00E-04,-6.00E-04,0
12/11/2013,-0.013686112,-0.0116,-0.0035,5.00E-04,0.0053,0.0011,0
12/12/2013,0.003006745,-0.0023,0.0039,0.0025,-0.0028,-7.00E-04,0
12/13/2013,0.002294156,0.001,0.0023,-1.00E-04,-0.0028,0.0019,0
12/16/2013,0.007919576,0.0067,0.0057,-0.0014,0.0011,-3.00E-04,0
12/17/2013,-0.003372865,-0.0026,0.0015,-0.0016,-0.0012,-0.0014,0
12/18/2013,0.015121167,0.0155,-0.0043,3.00E-04,-5.00E-04,0.0031,0
12/19/2013,-0.003707478,-0.001,-0.005,0.0016,-2.00E-04,9.00E-04,0
12/20/2013,0.004614776,0.0069,0.0125,-0.003,-0.0024,-0.0041,0
12/23/2013,0.011463299,0.0062,0.0048,-5.00E-04,-0.002,-0.0015,0
12/24/2013,0.002804095,0.0034,0.0011,0.0011,-3.00E-04,0.0015,0
12/26/2013,0.005262762,0.0044,-0.0034,-0.0031,0.0019,7.00E-04,0
12/27/2013,-0.006944905,-5.00E-04,-2.00E-04,0.0023,9.00E-04,0.0024,0
12/30/2013,-0.007320849,0,3.00E-04,-0.003,0.0014,8.00E-04,0
12/31/2013,0.006714314,0.0044,-0.0016,4.00E-04,-3.00E-04,-0.0021,0
1/2/2014,-0.007237105,-0.0088,-0.0025,0.0011,-0.0031,0.0012,0
1/3/2014,-0.002885185,3.00E-04,0.0041,5.00E-04,-0.0035,0.0014,0
1/6/2014,0.003860093,-0.0034,-0.0055,0.0026,-0.0035,6.00E-04,0
1/7/2014,0.005447636,0.0068,0.0033,-0.0041,-4.00E-04,-0.0029,0
1/8/2014,-0.000198544,4.00E-04,1.00E-04,-0.0011,-0.005,-5.00E-04,0
1/9/2014,-0.007158893,2.00E-04,0.0016,-0.0038,-0.0057,-0.0041,0
1/10/2014,0.000874686,0.0027,0.0045,-0.0077,-0.0029,-0.0031,0
1/13/2014,-0.014410907,-0.0132,-0.001,0.001,-9.00E-04,0.0047,0
1/14/2014,0.012829684,0.0115,0.0013,-0.0038,-0.0011,-0.0035,0
1/15/2014,0.010171364,0.0053,0.0021,0.0021,-0.0038,0,0
1/16/2014,-0.001988984,-7.00E-04,0.0023,-0.0068,-2.00E-04,-0.0027,0
1/17/2014,-0.009218776,-0.0039,2.00E-04,4.00E-04,-0.0021,3.00E-04,0
1/21/2014,0.004045439,0.003,0.0042,-1.00E-04,-0.0025,-0.0035,0
1/22/2014,-0.006321363,0.0015,0.0029,0.0021,-0.0017,-0.0017,0
1/23/2014,-0.005888872,-0.0086,0.001,-0.005,0.0028,-9.00E-04,0
1/24/2014,-0.020084939,-0.0219,-0.0039,0.0022,0.0032,5.00E-04,0
1/27/2014,-0.00357393,-0.0065,-0.008,0.0046,0.0042,0.004,0
1/28/2014,0.002224353,0.0073,0.0018,-2.00E-04,-0.0077,0.0016,0
1/29/2014,-0.01074621,-0.0107,-0.0035,0.0025,0.0016,0.0015,0
1/30/2014,0.022940176,0.0122,0.0022,-0.0042,-0.0089,-0.0054,0
1/31/2014,-0.01279632,-0.0066,-9.00E-04,-0.0039,0.0026,-0.0018,0
2/3/2014,-0.024398185,-0.0248,-0.0086,0.0032,0.002,3.00E-04,0
2/4/2014,0.007895706,0.0077,-7.00E-04,-0.001,-0.0013,0.0022,0
2/5/2014,-0.002924568,-0.0023,-0.0057,0.002,0.0014,0.0022,0
2/6/2014,0.015645159,0.0121,-0.0043,0.0023,8.00E-04,-7.00E-04,0
2/7/2014,0.013582082,0.0133,-0.0022,-0.0066,-0.0044,-0.0051,0
2/10/2014,0.001395487,0.0016,7.00E-04,-0.0044,-0.0026,-0.0018,0
2/11/2014,0.013877353,0.0109,-0.0018,0.0025,-3.00E-04,0.001,0
2/12/2014,-0.004046161,0.0011,0.0024,-8.00E-04,0.0013,1.00E-04,0
2/13/2014,0.013328273,0.0072,0.0067,-9.00E-04,-0.0024,-0.0034,0
2/14/2014,0.003499358,0.0042,-0.0032,0.0038,0.0033,0.0038,0
2/18/2014,-0.001754964,0.0027,0.0095,-0.0024,-0.0036,-0.0027,0
2/19/2014,-0.006300806,-0.0074,-0.0031,-0.004,0.0032,3.00E-04,0
2/20/2014,0.006810942,0.007,0.0051,-0.0014,1.00E-04,-0.0018,0
2/21/2014,-0.005831654,-9.00E-04,0.0035,-4.00E-04,-3.00E-04,-6.00E-04,0
2/24/2014,0.007196678,0.0065,0.002,0.0026,-0.0021,-1.00E-04,0
2/25/2014,-0.004171706,-0.001,5.00E-04,-0.0061,-4.00E-04,8.00E-04,0
2/26/2014,-0.003289922,0.0012,0.0065,-9.00E-04,-4.00E-04,3.00E-04,0
2/27/2014,0.004883828,0.0054,0.0011,1.00E-04,-0.0025,-2.00E-04,0
2/28/2014,0.001366432,0.0015,-0.0066,0.0083,0.0042,9.00E-04,0
3/3/2014,-0.008159806,-0.007,9.00E-04,0.0015,4.00E-04,0.0014,0
3/4/2014,0.014927035,0.0167,0.0107,-0.0012,-0.0047,-0.0013,0
3/5/2014,0.005292409,1.00E-04,-0.0023,0.0028,-0.0057,-0.0016,0
3/6/2014,0.00227983,0.0016,-0.0024,0.0076,0.0031,0.0035,0
3/7/2014,0.000766876,4.00E-04,-2.00E-04,0.0051,9.00E-04,0.0032,0
3/10/2014,0.002850977,-9.00E-04,-8.00E-04,6.00E-04,5.00E-04,-0.0013,0
3/11/2014,-0.006956376,-0.0062,-0.0054,-0.0019,0.0054,-4.00E-04,0
3/12/2014,0.002391124,0.0013,0.0029,-0.0016,-9.00E-04,-0.0042,0
3/13/2014,-0.009548399,-0.0121,-7.00E-04,0.0027,0.0015,4.00E-04,0
3/14/2014,-0.005086087,-0.0016,0.0068,-5.00E-04,0.0019,7.00E-04,0
3/17/2014,0.010186699,0.009,-0.0035,-1.00E-04,0.0011,3.00E-04,0
3/18/2014,0.009858429,0.0082,0.0069,-0.0042,-0.0034,-0.0027,0
3/19/2014,-0.006741193,-0.0059,-0.0013,0.006,-0.004,2.00E-04,0
3/20/2014,0.007979607,0.0052,-0.0036,0.0099,-0.0012,0.0032,0
3/21/2014,0.001527893,-0.0037,-0.0018,0.0088,0.0042,0.0046,0
3/24/2014,-0.003865033,-0.0064,-0.0079,0.0096,0.0059,0.0036,0
3/25/2014,0.007741836,0.003,-0.0033,0.0014,0.0026,0.0014,0
3/26/2014,-0.017020631,-0.0089,-0.0111,0.003,0.007,0.0045,0
3/27/2014,0.001845336,-0.0019,-0.0013,-0.0024,7.00E-04,2.00E-04,0
3/28/2014,0.003462713,0.0041,-0.0036,0.0052,0.0056,0.0031,0
3/31/2014,0.003833798,0.0097,0.0099,-0.0016,-0.0018,3.00E-04,0
4/1/2014,0.008391789,0.0087,0.0066,-0.0041,-0.0011,-0.0028,0
4/2/2014,0.002386632,0.0029,4.00E-04,0.0012,0.001,4.00E-04,0
4/3/2014,-0.008146129,-0.0031,-0.0078,0.0078,0.0053,0.0039,0
4/4/2014,-0.016342391,-0.0147,-0.0103,0.0074,0.0062,0.0047,0
4/7/2014,-0.007029015,-0.0126,-0.0036,-2.00E-04,0.0018,6.00E-04,0
4/8/2014,0.006735198,0.005,0.0029,-0.0022,7.00E-04,-0.0012,0
4/9/2014,0.014367328,0.012,0.0024,-0.0093,-0.0042,-0.0054,0
4/10/2014,-0.02297681,-0.0224,-0.0061,0.0086,0.0082,0.0076,0
4/11/2014,-0.008465714,-0.0107,-0.0041,0.0029,0.004,4.00E-04,0
4/14/2014,0.005195565,0.007,-0.0047,0.0021,0.0033,-0.0017,0
4/15/2014,0.005706008,0.0059,-0.0036,0.0017,-0.0013,-0.0016,0
4/16/2014,0.010344795,0.0113,-1.00E-04,-0.0044,-2.00E-04,-0.001,0
4/17/2014,0.001544443,0.0023,0.0032,0.0025,-0.0013,0.0017,0
4/21/2014,0.009035129,0.0036,0.0018,-0.0043,0.001,-7.00E-04,0
4/22/2014,0.00480246,0.0058,0.0069,-0.0037,-0.0064,-8.00E-04,0
4/23/2014,-0.011026477,-0.0031,-0.0054,0.0089,0.002,0.0023,0
4/24/2014,0.011280108,8.00E-04,-0.0042,-0.0017,0.0017,-0.002,0
4/25/2014,-0.01595156,-0.0105,-0.0088,0.0061,0.0076,0.0065,0
4/28/2014,0.006102238,0.0011,-0.0066,-0.0054,0.012,2.00E-04,0
4/29/2014,0.006276841,0.0056,-0.0024,-0.0022,-0.0052,-0.0018,0
4/30/2014,0.006297651,0.0035,0.0023,-3.00E-04,9.00E-04,6.00E-04,0
5/1/2014,-0.00022239,4.00E-04,-0.0016,-0.0018,-0.0043,-0.002,0
5/2/2014,-0.003052473,-7.00E-04,0.0028,0.0033,0.0034,0.0014,0
5/5/2014,0.001998437,0.0013,-0.0037,-0.0052,0.0017,-0.0028,0
5/6/2014,-0.016752498,-0.0103,-0.0049,0.0017,0.0083,0.0013,0
5/7/2014,0.002532316,0.0045,-0.0076,0.0117,-2.00E-04,0.0056,0
5/8/2014,0.002327906,-0.0026,-0.0096,0.0034,0.0014,0.0026,0
5/9/2014,0.001832835,0.0025,0.0063,-0.0039,-0.0014,-7.00E-04,0
5/12/2014,0.015054137,0.012,0.0136,-0.003,-0.0048,-0.0032,0
5/13/2014,0.002669465,-5.00E-04,-0.0104,0.0018,2.00E-04,-1.00E-04,0
5/14/2014,-0.004995961,-0.006,-0.0112,-0.0043,0.0021,-0.0022,0
5/15/2014,-0.009920002,-0.009,0.0033,-0.0027,0.0023,-6.00E-04,0
5/16/2014,0.003802776,0.0036,0.0022,-0.004,0.0023,-0.0015,0
5/19/2014,0.002976293,0.005,0.0064,0,-0.0028,-7.00E-04,0
5/20/2014,-0.004594822,-0.0078,-0.0078,0.0023,0.0014,-0.0011,0
5/21/2014,0.010638957,0.0081,-0.0026,5.00E-04,5.00E-04,-0.0013,0
5/22/2014,0.000817466,0.0036,0.0061,-0.0027,-0.0053,-0.0023,0
5/23/2014,0.005101286,0.0049,0.006,-0.0024,-8.00E-04,-3.00E-04,0
5/27/2014,0.006632046,0.0069,0.0067,-0.0019,-0.0055,-0.003,0
5/28/2014,-0.000448423,-0.0011,-0.0027,0.0027,9.00E-04,0.0014,0
5/29/2014,0.006569757,0.0054,-0.0022,-0.0012,-1.00E-04,-0.0022,0
5/30/2014,-1.96E-06,6.00E-04,-0.0064,0.0028,0.0034,0.001,0
6/2/2014,-0.003118214,6.00E-04,-0.0065,0.004,0.0017,0.0017,0
6/3/2014,-0.000354774,-5.00E-04,-0.0024,0.0018,8.00E-04,-0.0016,0
6/4/2014,0.000575959,0.0028,0.0023,-9.00E-04,-0.0018,-0.0019,0
6/5/2014,0.012832274,0.0077,0.0128,-0.0018,-0.0018,-0.001,0
6/6/2014,0.004536665,0.0054,0.0049,-1.00E-04,-0.0013,-9.00E-04,0
6/9/2014,0.003024006,0.0022,0.01,-0.0031,-0.0042,-5.00E-04,0
6/10/2014,0.00846078,-3.00E-04,-0.0019,-4.00E-04,-0.0032,8.00E-04,0
6/11/2014,-0.003158234,-0.0034,-0.0016,-0.0028,-0.001,-0.0016,0
6/12/2014,-0.0105418,-0.0068,0.0011,0.0017,-0.0022,-3.00E-04,0
6/13/2014,0.003099169,0.0031,-6.00E-04,-0.0019,8.00E-04,-0.0013,0
6/16/2014,0.000585001,0.0013,0.0041,-0.0067,-6.00E-04,-0.003,0
6/17/2014,0.000327602,0.0034,0.0056,0.0045,-0.0055,6.00E-04,0
6/18/2014,0.00774625,0.0075,-0.0026,-9.00E-04,3.00E-04,-0.0017,0
6/19/2014,-0.003707874,0.0012,-0.0015,-4.00E-04,0.0013,-9.00E-04,0
6/20/2014,0.002236805,0.0018,0.0021,4.00E-04,3.00E-04,1.00E-04,0
6/23/2014,0.003349815,-1.00E-04,-0.0022,8.00E-04,-6.00E-04,-0.0018,0
6/24/2014,-0.005885612,-0.0072,-0.0036,-0.0021,4.00E-04,2.00E-04,0
6/25/2014,0.004930305,0.0053,0.0033,7.00E-04,-0.0017,-0.0022,0
6/26/2014,-0.002312495,-0.0011,-8.00E-04,5.00E-04,9.00E-04,-6.00E-04,0
6/27/2014,0.002875852,0.0026,0.0048,-0.0022,0.0015,-0.0014,0
6/30/2014,-0.002323492,7.00E-04,0.0027,0.0019,-0.0024,-0.0016,0
7/1/2014,0.008675371,0.0074,0.0042,-0.0037,4.00E-04,-0.0011,0
7/2/2014,-0.001901979,-3.00E-04,-0.0045,-0.0021,0.0015,0.0022,0
7/3/2014,0.004053332,0.0059,0.0021,8.00E-04,4.00E-04,0.0023,0
7/7/2014,0.000358777,-0.0062,-0.012,0.0038,0.0074,0.0028,0
7/8/2014,-0.012774114,-0.0082,-0.0055,0.0071,0.0086,0.0045,0
7/9/2014,0.00748331,0.0046,-0.004,-0.0011,-3.00E-04,-9.00E-04,0
7/10/2014,-0.003781793,-0.0049,-0.006,2.00E-04,8.00E-04,8.00E-04,0
7/11/2014,0.01050497,0.0012,-0.003,-0.0039,-0.0039,-0.0015,0
7/14/2014,0.010176456,0.0046,-1.00E-04,-0.0013,-2.00E-04,-0.0016,0
7/15/2014,0.000395249,-0.0032,-0.0082,0.0098,0.0022,0.0037,0
7/16/2014,0.008457258,0.0032,-0.0058,0.0032,0.002,0.0019,0
7/17/2014,-0.012125877,-0.0121,-0.0036,0.0018,0.0035,0.0018,0
7/18/2014,0.009874385,0.0112,0.0045,-0.0047,-0.0025,-0.0032,0
7/21/2014,-0.00111295,-0.0025,-0.0023,5.00E-04,-0.0033,-0.003,0
7/22/2014,0.003765342,0.0053,0.0026,-0.0032,0.0015,-0.0017,0
7/23/2014,0.005833397,0.0019,9.00E-04,-0.0075,-0.0021,0,0
7/24/2014,0.003865067,5.00E-04,-0.0027,4.00E-04,-0.002,-3.00E-04,0
7/25/2014,-0.011513815,-0.0053,-0.0036,0.0016,0.0011,3.00E-04,0
7/28/2014,-0.00031843,-8.00E-04,-0.0045,0.0028,2.00E-04,0,0
7/29/2014,-0.002603795,-0.0033,0.0063,-0.0067,-0.0016,-0.0014,0
7/30/2014,0.00198047,0.0012,0.0035,-0.0029,-0.007,-0.0033,0
7/31/2014,-0.024111447,-0.0203,-0.0017,0.0046,0.0036,0.0029,0
8/1/2014,-0.005293918,-0.0032,-0.0025,-6.00E-04,8.00E-04,0.0014,0
8/4/2014,0.007025975,0.0074,4.00E-04,-0.0022,-0.0011,-0.0043,0
8/5/2014,-0.008871815,-0.0084,0.0071,-0.0019,-0.0016,2.00E-04,0
8/6/2014,0.001683034,2.00E-04,0.0038,0.0018,-7.00E-04,0.0026,0
8/7/2014,-0.001872104,-0.0052,-6.00E-04,-0.0014,2.00E-04,-3.00E-04,0
8/8/2014,0.007307251,0.0112,-0.0014,-0.0018,0.0035,0.0015,0
8/11/2014,0.002832962,0.004,0.0057,-0.0029,-9.00E-04,-0.0027,0
8/12/2014,-0.000798024,-0.0023,-0.0058,0.0025,2.00E-04,2.00E-04,0
8/13/2014,0.010502928,0.0069,-0.0014,-0.0024,-0.004,-0.0021,0
8/14/2014,0.005669094,0.0044,-0.0026,4.00E-04,-0.0021,0,0
8/15/2014,-0.002022786,0,-0.0014,-0.0015,0.0025,-0.0021,0
8/18/2014,0.008625875,0.0093,0.0058,-0.0019,-2.00E-04,2.00E-04,0
8/19/2014,0.004274495,0.0049,-0.0011,-0.001,0.0026,-0.0012,0
8/20/2014,0.000762028,0.0019,-0.0064,0.0027,6.00E-04,0.0028,0
8/21/2014,0.002266082,0.0028,-8.00E-04,0.0082,-0.0012,0.0025,0
8/22/2014,-0.002731917,-0.001,0.0027,-0.0039,-3.00E-04,-0.0018,0
8/25/2014,0.004056683,0.005,-0.0021,4.00E-04,-2.00E-04,-0.001,0
8/26/2014,0.004023817,0.0019,0.0068,-0.0033,-0.0035,-0.0018,0
8/27/2014,0.000193195,0,-0.0022,0.0015,0.0014,0.001,0
8/28/2014,-0.003604225,-0.0019,-0.0039,9.00E-04,0.0023,1.00E-04,0
8/29/2014,0.004596516,0.0039,0.0028,0.001,-0.003,-0.0015,0
9/2/2014,0.001886242,6.00E-04,0.0042,-9.00E-04,-0.0012,-0.0023,0
9/3/2014,-0.00530881,-0.0014,-0.005,0.0023,1.00E-04,0.0042,0
9/4/2014,0.00148525,-0.0017,-0.0016,-0.0015,0.0013,1.00E-04,0
9/5/2014,0.007889283,0.0045,-0.0027,-6.00E-04,0.0013,0,0
9/8/2014,-0.002345795,-0.0022,0.0047,-0.0044,-0.0039,-0.0025,0
9/9/2014,-0.009667506,-0.0072,-0.0042,-2.00E-04,0.0031,0.0014,0
9/10/2014,0.006492758,0.0045,0.0015,-0.0039,-0.0032,-0.0019,0
9/11/2014,0.002864102,0.0019,0.0049,0.0021,-0.0026,2.00E-04,0
9/12/2014,-0.00351328,-0.0055,-0.002,0.0014,-7.00E-04,0.0012,0
9/15/2014,-0.006334713,-0.0028,-0.0093,0.0065,0.0046,0.007,0
9/16/2014,0.008684924,0.007,-0.0039,-0.0013,0.0019,-0.0017,0
9/17/2014,0.000455136,0.0017,8.00E-04,-0.002,-0.0025,-0.0019,0
9/18/2014,0.005446658,0.005,0,3.00E-04,-0.0013,-3.00E-04,0
9/19/2014,0.006754489,-0.0018,-0.0096,5.00E-04,0.002,-4.00E-04,0
9/22/2014,-0.006769628,-0.0097,-0.0055,0.0013,0.0045,0.002,0
9/23/2014,0.000442722,-0.0062,-0.0031,-5.00E-04,0,-0.0026,0
9/24/2014,0.004496788,0.0081,3.00E-04,-0.0092,3.00E-04,-0.0044,0
9/25/2014,-0.019381392,-0.0162,0.0013,0.0015,0.0029,0.0026,0
9/26/2014,0.00999329,0.0085,-7.00E-04,-0.0027,5.00E-04,-0.0049,0
9/29/2014,-0.004050829,-0.0022,0.0019,-0.0044,0.0014,-0.0027,0
9/30/2014,0.001134269,-0.004,-0.0101,0.0014,3.00E-04,-1.00E-04,0
10/1/2014,-0.015588076,-0.0139,-0.0013,0.0033,0.0018,-5.00E-04,0
10/2/2014,0.000479836,0.0015,0.0097,-0.0038,-0.0032,-0.003,0
10/3/2014,0.009862252,0.0108,-0.0039,-0.0041,-0.001,-0.0011,0
10/6/2014,-0.000189275,-0.0026,-0.0077,0.0039,0.003,0.0017,0
10/7/2014,-0.013896333,-0.0156,-0.0012,0.0012,0.0025,4.00E-04,0
10/8/2014,0.01834485,0.017,-2.00E-04,-6.00E-04,-8.00E-04,-5.00E-04,0
10/9/2014,-0.019117155,-0.0217,-0.0047,-0.004,0.0036,-0.0013,0
10/10/2014,-0.016368649,-0.013,-8.00E-04,0.0055,0.0073,0.0034,0
10/13/2014,-0.010395868,-0.0159,0.0129,0.005,-0.0042,0.0022,0
10/14/2014,-0.001671794,0.0028,0.0081,-0.0012,-6.00E-04,9.00E-04,0
10/15/2014,-0.006889904,-0.0053,0.0166,-0.0131,-0.0045,-0.0059,0
10/16/2014,-0.007643856,0.0023,0.011,0.0017,-0.0033,0.0012,0
10/17/2014,0.018583192,0.0114,-0.0155,-0.001,0.001,0.0027,0
10/20/2014,0.009614365,0.0094,0.0013,-0.0033,9.00E-04,-0.0034,0
10/21/2014,0.019949207,0.0198,-0.0041,2.00E-04,3.00E-04,-0.0013,0
10/22/2014,-0.004063111,-0.0085,-0.0055,0.0021,9.00E-04,0.0019,0
10/23/2014,0.00832384,0.0129,0.0044,-0.0046,-0.0031,-5.00E-04,0
10/24/2014,-0.001381484,0.0066,-0.005,-0.0011,-0.0025,0.0011,0
10/27/2014,0.000116836,-0.0017,7.00E-04,-0.0026,8.00E-04,-1.00E-04,0
10/28/2014,0.012535172,0.0137,0.0156,-1.00E-04,-0.0041,-0.0018,0
10/29/2014,-0.00750273,-0.0018,4.00E-04,0.0044,0.0018,0.0031,0
10/30/2014,-0.00044498,0.006,0.0022,-0.0048,-0.0039,8.00E-04,0
10/31/2014,0.014058907,0.0123,0.0032,0.0019,0.0019,0,0
11/3/2014,-0.000684601,-1.00E-04,-0.0029,-6.00E-04,1.00E-04,0.0013,0
11/4/2014,0.000288791,-0.0035,-6.00E-04,-0.0011,6.00E-04,4.00E-04,0
11/5/2014,0.000716251,0.0048,-0.0041,0.0086,0.0035,0.0078,0
11/6/2014,0.006368963,0.0049,6.00E-04,-0.0048,0.0019,-0.0029,0
11/7/2014,0.003593827,9.00E-04,3.00E-04,0.0044,-0.0018,4.00E-04,0
11/10/2014,0.00339174,0.0033,0.0014,-0.005,-0.0032,-0.0041,0
11/11/2014,0.001573887,0.001,1.00E-04,-0.0029,0.0016,-0.0027,0
11/12/2014,7.36E-05,7.00E-04,0.0072,-0.0028,0.0016,7.00E-04,0
11/13/2014,0.003655329,-3.00E-04,-0.0092,-0.0033,0.0051,2.00E-04,0
11/14/2014,0.006939337,6.00E-04,-0.0013,0.0014,1.00E-04,-0.0011,0
11/17/2014,-0.002193639,-5.00E-04,-0.0094,0.0027,5.00E-04,0.0024,0
11/18/2014,0.00311872,0.0051,-1.00E-04,-0.0036,-0.0016,-1.00E-04,0
11/19/2014,-0.003449465,-0.0021,-0.0087,-6.00E-04,0.0041,8.00E-04,0
11/20/2014,0.002665118,0.0031,0.0087,-2.00E-04,-4.00E-04,-3.00E-04,0
11/21/2014,0.002169163,0.0048,-0.0037,-9.00E-04,-5.00E-04,3.00E-04,0
11/24/2014,-0.000553993,0.004,0.0091,-0.0057,-0.0018,-7.00E-04,0
11/25/2014,-0.001684584,-8.00E-04,6.00E-04,-4.00E-04,0.0012,0.0016,0
11/26/2014,0.005697983,0.003,3.00E-04,-0.0045,-0.0015,-0.0019,0
11/28/2014,-0.002790253,-0.0035,-0.0102,-0.0102,0.0048,-4.00E-04,0
12/1/2014,-0.010865558,-0.009,-0.0089,0.0061,5.00E-04,0.0051,0
12/2/2014,0.002243118,0.0065,0.0046,5.00E-04,-0.0044,3.00E-04,0
12/3/2014,-0.002413341,0.0046,0.0045,0.0031,-0.0017,5.00E-04,0
12/4/2014,-0.000628399,-0.0017,-0.0035,9.00E-04,3.00E-04,-0.0016,0
12/5/2014,0.001200368,0.0025,0.0056,0.0025,-0.0071,0.0016,0
12/8/2014,-0.010177445,-0.0082,-0.0058,0.0026,-0.0011,8.00E-04,0
12/9/2014,-0.000949466,0.0013,0.0168,-0.0028,-0.0045,-0.0033,0
12/10/2014,-0.018049601,-0.0172,-0.0063,-0.001,0.001,0.0016,0
12/11/2014,0.006501501,0.0049,-6.00E-04,-0.002,0.0019,2.00E-04,0
12/12/2014,-0.014035173,-0.0155,0.0046,-0.0058,0.0023,-0.0029,0
12/15/2014,-0.006604648,-0.0068,-0.0023,0.0011,0.0066,0.0016,0
12/16/2014,-0.016541492,-0.008,0.0069,0.006,-9.00E-04,0.0045,0
12/17/2014,0.017670832,0.0215,0.009,-0.001,-0.0035,-0.0041,0
12/18/2014,0.025391255,0.0236,-0.0091,-0.0021,-0.0041,-0.0024,0
12/19/2014,0.007122819,0.0043,-0.0022,0.0019,-0.0046,0,0
12/22/2014,0.008863017,0.0037,0.0018,-4.00E-04,8.00E-04,9.00E-04,0
12/23/2014,0.000691981,0.0021,-0.0012,0.0105,0.0058,0.0062,0
12/24/2014,-0.003260709,7.00E-04,0.0034,-0.0017,-0.0013,-7.00E-04,0
12/26/2014,0.004020243,0.0039,0.0034,-0.0032,-6.00E-04,-0.0018,0
12/29/2014,-0.000753674,0.0013,0.0022,0.0057,0.0018,0.0017,0
12/30/2014,-0.004445713,-0.0048,7.00E-04,0.0035,-7.00E-04,0.003,0
12/31/2014,-0.010543332,-0.0093,0.0048,-0.0039,-0.001,-0.0021,0
1/2/2015,0.000602165,-0.0011,-0.0056,9.00E-04,-0.0021,0.001,0
1/5/2015,-0.018571225,-0.0184,0.0025,-0.0063,0.0015,-0.0013,0
1/6/2015,-0.011900393,-0.0104,-0.0078,-0.0027,0.0053,4.00E-04,0
1/7/2015,0.008076081,0.0119,0.0016,-0.0065,0.0022,-0.0014,0
1/8/2015,0.018908921,0.0181,-0.001,-0.0027,0.0013,-0.0019,0
1/9/2015,-0.008230164,-0.0085,-2.00E-04,-0.005,-0.0013,-0.0017,0
1/12/2015,-0.011053744,-0.0079,0.0034,-0.0037,0.0011,0.002,0
1/13/2015,0.000541125,-0.0019,0.0025,3.00E-04,0.0032,3.00E-04,0
1/14/2015,-0.00804715,-0.006,0.0028,-0.0049,0.0023,-0.0014,0
1/15/2015,-0.017125267,-0.0108,-0.0094,0.0063,0.0065,0.0059,0
1/16/2015,0.012285173,0.0136,0.005,-0.0014,-0.0029,-9.00E-04,0
1/20/2015,0.002599364,0.0011,-0.0075,-0.0055,3.00E-04,-0.0052,0
1/21/2015,0.006477714,0.0042,-0.0091,0.0055,0.0023,-2.00E-04,0
1/22/2015,0.019061772,0.0158,0.0045,0.0041,0,-0.0012,0
1/23/2015,-0.004571011,-0.0047,0.0044,-0.0082,-4.00E-04,-0.0059,0
1/26/2015,-0.000552641,0.0042,0.0058,-5.00E-04,-0.0037,-9.00E-04,0
1/27/2015,-0.022151022,-0.0121,0.0076,0.0023,-0.0033,0.0051,0
1/28/2015,-0.007998472,-0.0139,-0.0018,-0.0077,0.0053,-0.0019,0
1/29/2015,0.015569143,0.0098,0.0019,0,1.00E-04,-0.0033,0
1/30/2015,0.000153352,-0.013,-0.0081,3.00E-04,-0.0018,-0.0046,0
2/2/2015,0.014969491,0.0125,-0.004,0.0099,0,0.0017,0
2/3/2015,0.012594601,0.0149,0.0024,0.0051,5.00E-04,0.0044,0
2/4/2015,-0.001792691,-0.0035,-9.00E-04,-0.002,0.0035,-0.0013,0
2/5/2015,0.010219038,0.011,0.0044,-0.0016,-0.0048,-0.002,0
2/6/2015,-0.000936233,-0.002,7.00E-04,0.0038,-0.0021,-9.00E-04,0
2/9/2015,-0.002243301,-0.0046,-0.0037,9.00E-04,-3.00E-04,-1.00E-04,0
2/10/2015,0.006846711,0.0104,-0.0036,-0.0069,0.0011,-0.0042,0
2/11/2015,0.002738337,3.00E-04,-0.0018,-0.0033,3.00E-04,-8.00E-04,0
2/12/2015,0.007018645,0.01,0.002,-9.00E-04,-0.0013,-0.0015,0
2/13/2015,0.007257034,0.0047,0.0016,-0.0029,-0.0029,-0.0023,0
2/17/2015,0.000222143,0.0017,-1.00E-04,0,-0.0012,-0.0016,0
2/18/2015,-0.002999779,3.00E-04,0.0024,-0.0081,0.0033,-0.0016,0
2/19/2015,0.002601838,-1.00E-04,0.0022,-0.0035,-5.00E-04,-0.0039,0
2/20/2015,0.006675881,0.0061,-0.0044,-0.0026,-0.0011,-9.00E-04,0
2/23/2015,-0.001731203,-8.00E-04,4.00E-04,-0.0037,0.004,-0.0021,0
2/24/2015,0.003621173,0.0032,-2.00E-04,0.0069,-0.0023,0.0036,0
2/25/2015,0.004637209,2.00E-04,0.0019,-0.0051,-0.006,-0.0022,0
2/26/2015,0.00482899,-8.00E-04,0.0054,-0.0047,-0.0016,-0.0032,0
2/27/2015,-0.005899168,-0.0036,-0.0021,0.0022,8.00E-04,0.0032,0
3/2/2015,0.005126669,0.0062,0.002,-0.0043,1.00E-04,8.00E-04,0
3/3/2015,-0.004717631,-0.0043,-0.0029,0.003,-3.00E-04,0,0
3/4/2015,-0.003203928,-0.0041,0.001,-0.004,-4.00E-04,-0.0026,0
3/5/2015,0.001047621,0.0015,0.0021,-0.0043,-0.0053,-0.0015,0
3/6/2015,-0.01506905,-0.0129,0.0029,0.0043,-0.0013,0,0
3/9/2015,0.002164245,0.0037,9.00E-04,-2.00E-04,0.0025,-3.00E-04,0
3/10/2015,-0.018864142,-0.0163,0.0043,-0.0047,0.0014,-0.0013,0
3/11/2015,-0.004675953,-4.00E-04,0.0061,0.0052,-0.005,-3.00E-04,0
3/12/2015,0.010521427,0.0128,0.004,0.005,-0.001,0.0023,0
3/13/2015,-0.006755482,-0.0057,0.0019,-3.00E-04,-0.0013,-0.0013,0
3/16/2015,0.010201075,0.0123,-0.0078,-0.0041,-0.0014,-0.0014,0
3/17/2015,-0.000114675,-0.002,0.0053,-2.00E-04,5.00E-04,-0.0031,0
3/18/2015,0.014922052,0.0108,-0.0048,0,0.0018,-2.00E-04,0
3/19/2015,-0.004938064,-0.0036,0.008,-0.011,9.00E-04,-0.0041,0
3/20/2015,0.005481437,0.0081,-0.001,0.0054,0.0043,0.0026,0
3/23/2015,0.002122221,-0.0019,0.002,0.0024,0.002,0.0031,0
3/24/2015,-0.00458805,-0.0051,0.0052,-0.0029,0.001,-0.0021,0
3/25/2015,-0.016650412,-0.0156,-0.0089,0.0103,0.0039,0.0051,0
3/26/2015,-0.00172457,-0.0022,9.00E-04,-6.00E-04,4.00E-04,-0.0022,0
3/27/2015,-0.00087607,0.0032,0.0043,-0.0069,-0.0019,-0.0012,0
3/30/2015,0.012465005,0.0124,6.00E-04,-4.00E-04,-0.0022,1.00E-04,0
3/31/2015,-0.009566015,-0.0075,0.0045,0.0037,0.0022,0.0024,0
4/1/2015,-0.003070471,-0.0038,0.0034,0.0042,-0.0015,0.0024,0
4/2/2015,0.002884225,0.0035,-0.0011,0.0031,-0.0012,0.0024,0
4/6/2015,0.010110166,0.0061,-0.0028,-0.0015,0.0021,-0.0021,0
4/7/2015,-0.00087144,-0.0022,-0.0019,-0.0016,-0.0018,-0.0023,0
4/8/2015,-0.00063315,0.0037,0.0047,-0.0072,-9.00E-04,-0.0027,0
4/9/2015,0.007720774,0.0041,-0.0071,-6.00E-04,-0.0028,0.0015,0
4/10/2015,0.015370927,0.0049,-0.0015,-0.0028,-0.0047,0.002,0
4/13/2015,-0.003202459,-0.0038,0.0055,0.0023,-0.0013,-0.0014,0
4/14/2015,0.003850167,0.0011,-0.0013,0.0019,9.00E-04,8.00E-04,0
4/15/2015,0.00410134,0.0057,0.0027,0.0032,-0.0018,-6.00E-04,0
4/16/2015,-0.003813936,-8.00E-04,-0.001,-0.0021,-0.0018,-0.0021,0
4/17/2015,-0.011627969,-0.0123,-0.0043,0.0022,0.0018,9.00E-04,0
4/20/2015,0.015249129,0.0095,0.0014,-0.0027,0.0042,-0.0032,0
4/21/2015,-0.004327774,-0.001,0.0013,-0.0076,0.0012,-0.0024,0
4/22/2015,0.00725927,0.0046,-0.0039,0.0017,-2.00E-04,0,0
4/23/2015,0.003223554,0.0029,0.0029,-0.0023,-3.00E-04,-0.0021,0
4/24/2015,0.025338434,0.0017,-0.0055,-0.0029,0.0071,-0.0055,0
4/27/2015,0.000911015,-0.0054,-0.0068,0.0056,0.0052,-3.00E-04,0
4/28/2015,0.002287362,0.0027,0.0026,0.0102,8.00E-04,0.0044,0
4/29/2015,-0.001385602,-0.0038,-0.0072,0.0074,-0.0074,-1.00E-04,0
4/30/2015,-0.011245065,-0.0111,-0.0101,0.0078,0.0027,0.0048,0
5/1/2015,0.007793496,0.0101,-0.0031,-0.0062,0.003,-0.0018,0
5/4/2015,0.001317549,0.0032,9.00E-04,0.0024,-0.0018,3.00E-04,0
5/5/2015,-0.012372477,-0.0119,-0.0014,0.005,0,0.0029,0
5/6/2015,-0.006854443,-0.0031,0.006,-0.0013,-0.0027,0.0011,0
5/7/2015,0.00596151,0.0039,-1.00E-04,-0.0039,-0.0025,-1.00E-04,0
5/8/2015,0.014344417,0.0121,-0.0056,-0.0012,-0.0031,-0.0024,0
5/11/2015,-0.007798263,-0.0039,0.0066,-3.00E-04,-9.00E-04,1.00E-04,0
5/12/2015,-0.001139229,-0.0027,0,7.00E-04,-0.0016,0,0
5/13/2015,0.002421896,1.00E-04,0,2.00E-04,-7.00E-04,3.00E-04,0
5/14/2015,0.015103712,0.0101,-0.0016,-0.0035,0.0011,-0.0043,0
5/15/2015,-0.00322845,5.00E-04,-0.0021,-0.002,0.003,0.0026,0
5/18/2015,0.004397444,0.0044,0.0073,-9.00E-04,-0.0019,-0.0027,0
5/19/2015,-0.001331969,-9.00E-04,-7.00E-04,0.0023,-0.001,-4.00E-04,0
5/20/2015,0.00134928,-5.00E-04,0.0019,-0.0014,-0.0013,6.00E-04,0
5/21/2015,0.004390302,0.0023,-0.0029,-2.00E-04,7.00E-04,-0.0016,0
5/22/2015,-0.004833608,-0.0022,-0.0013,-0.0014,-0.0012,-7.00E-04,0
5/26/2015,-0.009503765,-0.0101,-3.00E-04,-1.00E-04,-0.0014,0.0016,0
5/27/2015,0.009947087,0.0093,0.003,-0.0034,-8.00E-04,-0.0029,0
5/28/2015,-0.002855164,-0.0012,0.001,0.0013,-0.0024,9.00E-04,0
5/29/2015,-0.007259034,-0.0058,6.00E-04,6.00E-04,-0.0023,-2.00E-04,0
6/1/2015,0.002813977,0.0017,-6.00E-04,-0.0022,0.0021,-0.0037,0
6/2/2015,-0.000915829,-2.00E-04,0.0033,0.0033,-0.0015,0.0016,0
6/3/2015,0.00817572,0.0039,0.0086,-0.0024,-0.0019,-6.00E-04,0
6/4/2015,-0.006669645,-0.0088,-8.00E-04,-1.00E-04,0.0018,-2.00E-04,0
6/5/2015,-0.002897622,6.00E-04,0.0083,5.00E-04,-0.0051,-0.0038,0
6/8/2015,-0.005579058,-0.0066,3.00E-04,3.00E-04,2.00E-04,6.00E-04,0
6/9/2015,0.000516572,2.00E-04,-0.0028,0.0035,0.0013,0.0011,0
6/10/2015,0.012311152,0.012,0.0016,0.0019,-6.00E-04,2.00E-04,0
6/11/2015,0.000166551,0.0021,-9.00E-04,-0.0011,0.0015,-1.00E-04,0
6/12/2015,-0.007590337,-0.0063,0.0034,0.0013,6.00E-04,0.001,0
6/15/2015,-0.007426974,-0.0045,0.0016,-0.0013,-0.0017,-0.0025,0
6/16/2015,0.00664075,0.0057,9.00E-04,0,9.00E-04,-7.00E-04,0
6/17/2015,0.001952368,0.0016,-0.003,-0.0063,0.0021,-0.0011,0
6/18/2015,0.0127681,0.0099,0.0016,-0.0043,-0.0013,-0.0015,0
6/19/2015,-0.006911388,-0.0043,0.0051,-0.002,6.00E-04,-6.00E-04,0
6/22/2015,0.007085768,0.0063,8.00E-04,-6.00E-04,-0.0014,-0.0025,0
6/23/2015,0.009397151,0.0012,0.0024,0.0027,-0.0011,-1.00E-04,0
6/24/2015,-0.003497998,-0.0079,-0.0014,0.0013,0.0019,-1.00E-04,0
6/25/2015,-0.003260727,-0.0025,0.0033,-0.002,0.0015,-8.00E-04,0
6/26/2015,-0.001072936,-6.00E-04,-0.0019,0.0045,0.0029,0.0035,0
6/29/2015,-0.018316971,-0.0215,-0.0041,0.0018,0.0031,0.001,0
6/30/2015,0.001423578,0.0033,0.003,-0.0067,-0.003,-0.0064,0
7/1/2015,0.005926632,0.006,-0.0077,-6.00E-04,7.00E-04,8.00E-04,0
7/2/2015,0.001408699,-0.0011,-0.006,-4.00E-04,-2.00E-04,1.00E-04,0
7/6/2015,-0.004226697,-0.0037,7.00E-04,-0.0055,-0.0022,-0.0023,0
7/7/2015,0.000828598,0.0053,-0.0048,-0.0025,0.0042,-2.00E-04,0
7/8/2015,-0.01551186,-0.0168,-5.00E-04,7.00E-04,5.00E-04,0.0011,0
7/9/2015,0.000597721,0.0028,0.0019,-3.00E-04,-0.0022,-0.0025,0
7/10/2015,0.013813616,0.0124,0.0019,-0.0055,-0.0018,-7.00E-04,0
7/13/2015,0.014602241,0.0114,-0.0012,-0.0042,0.0011,-0.0032,0
7/14/2015,0.005571509,0.0047,0.0012,0.0013,-0.0033,-0.0036,0
7/15/2015,0.000175889,-0.0019,-0.0081,-8.00E-04,-0.0027,-0.003,0
7/16/2015,0.012513422,0.0078,-0.0025,-0.0062,-0.0025,-0.0067,0
7/17/2015,0.005917744,5.00E-04,-0.0068,-0.0065,-0.0026,-0.0094,0
7/20/2015,0.005927745,-1.00E-04,-0.008,-0.0057,0.0027,-0.003,0
7/21/2015,-0.002399785,-0.0047,8.00E-04,0.003,-0.0014,-6.00E-04,0
7/22/2015,-0.010550665,-0.0018,0.0026,0.0019,-0.0043,9.00E-04,0
7/23/2015,-0.006085002,-0.006,-0.0039,-0.0034,-6.00E-04,-3.00E-04,0
7/24/2015,0.006696804,-0.0108,-0.0067,-2.00E-04,-0.0021,-2.00E-04,0
7/27/2015,-0.008150409,-0.0074,-0.0025,8.00E-04,2.00E-04,0.0037,0
7/28/2015,0.006814789,0.0123,-0.0033,-0.0011,0.0013,0.0016,0
7/29/2015,0.009571733,0.0074,-0.0021,0.0052,0.0094,0.003,0
7/30/2015,0.000316783,0.0012,0.0019,-0.0026,6.00E-04,-0.0014,0
7/31/2015,-0.008696936,-0.0015,0.0072,-0.0099,0.0023,-7.00E-04,0
8/3/2015,-0.00549536,-0.0035,-0.0033,-0.0017,8.00E-04,4.00E-04,0
8/4/2015,-0.004328865,-0.0014,4.00E-04,-0.0019,-1.00E-04,0.0018,0
8/5/2015,0.006774681,0.0036,-8.00E-04,-0.0044,-7.00E-04,-7.00E-04,0
8/6/2015,-0.007495765,-0.0088,-0.0037,0.0199,0.0031,0.0074,0
8/7/2015,-0.005217822,-0.0036,-0.004,-0.0035,0.0033,0.0019,0
8/10/2015,0.01455381,0.0132,0.002,0.0069,0.0029,5.00E-04,0
8/11/2015,-0.013180952,-0.0098,-6.00E-04,0.0043,5.00E-04,7.00E-04,0
8/12/2015,0.001396564,7.00E-04,-0.0019,-0.0027,-0.0011,-0.0016,0
8/13/2015,-0.001145451,-0.0014,-0.0041,1.00E-04,0.001,-9.00E-04,0
8/14/2015,0.005551066,0.0043,0.0013,0.0044,-8.00E-04,6.00E-04,0
8/17/2015,0.005312321,0.006,0.0035,-0.0087,-0.0018,-0.0042,0
8/18/2015,-0.000345035,-0.0035,-0.0062,0.0034,0.0032,9.00E-04,0
8/19/2015,-0.008104539,-0.0085,-0.002,-0.0022,-0.0019,-4.00E-04,0
8/20/2015,-0.02304334,-0.0224,-0.0023,0.006,0.0054,0.0065,0
8/21/2015,-0.038111694,-0.0295,0.018,0.0014,-0.0075,0.0084,0
8/24/2015,-0.039380106,-0.039,0.0026,-0.0043,0.0037,0.0013,0
8/25/2015,-0.00850102,-0.0117,0.0057,-0.0061,-0.0025,-0.0065,0
8/26/2015,0.050027255,0.0368,-0.0142,-0.0037,0.0015,-0.0068,0
8/27/2015,0.028357696,0.024,-0.0058,0.0062,-0.0021,-0.0022,0
8/28/2015,0.000626832,0.0023,0.0098,8.00E-04,-0.0016,8.00E-04,0
8/31/2015,-0.007575577,-0.0074,0.009,0.0142,0.001,0.0051,0
9/1/2015,-0.034229776,-0.0291,0.0025,-0.0051,-6.00E-04,7.00E-04,0
9/2/2015,0.025627856,0.0181,-0.0031,-0.0092,0.002,-0.0069,0
9/3/2015,-0.004335834,0.0017,-0.0018,0.0072,0.0032,0.0077,0
9/4/2015,-0.014117072,-0.0139,0.0082,-0.0057,-0.001,-0.0047,0
9/8/2015,0.026373868,0.0252,-0.004,-0.0055,-0.0012,-0.0028,0
9/9/2015,-0.012281116,-0.0134,0.0016,0.0011,0.0018,1.00E-04,0
9/10/2015,0.008799988,0.0049,-0.0021,-0.0031,-0.0028,-0.0069,0
9/11/2015,0.005171444,0.0044,-0.0028,-0.007,-0.0011,-0.0029,0
9/14/2015,-0.00296994,-0.0041,3.00E-04,1.00E-04,-4.00E-04,-7.00E-04,0
9/15/2015,0.011708579,0.0122,-0.0015,0.0025,5.00E-04,9.00E-04,0
9/16/2015,0.009117405,0.0084,6.00E-04,0.0044,0.0041,0.0022,0
9/17/2015,-0.003149896,-0.0017,0.0075,-0.015,-0.0034,-0.0054,0
9/18/2015,-0.012612574,-0.0162,0.0027,-0.0096,-0.0045,-0.0053,0
9/21/2015,0.009398663,0.0036,-0.0084,0.0121,0.0041,0.0021,0
9/22/2015,-0.010040828,-0.0129,-0.0029,0.0014,0.0024,7.00E-04,0
9/23/2015,-1.89E-05,-0.0027,-0.0022,-0.0014,-0.0023,-0.0028,0
9/24/2015,-0.001243568,-0.0036,0.0024,0.0056,-4.00E-04,3.00E-04,0
9/25/2015,-0.002014123,-0.0022,-0.0143,0.0188,0.0057,0.007,0
9/28/2015,-0.019780419,-0.0263,-0.002,0.0117,0.005,0.0071,0
9/29/2015,-0.003761665,-7.00E-04,-0.006,0.0071,0.007,0.0065,0
9/30/2015,0.020321168,0.0188,-0.0048,-0.0048,-0.0038,-0.0034,0
10/1/2015,0.003237439,0.0013,-0.0051,-5.00E-04,-7.00E-04,-0.0021,0
10/2/2015,0.012030581,0.0148,0.0029,-0.0084,-7.00E-04,-2.00E-04,0
10/5/2015,0.020785772,0.0193,0.0074,0.0077,0.0023,0.0063,0
10/6/2015,-0.00028652,-0.0043,-8.00E-04,0.0172,0.0041,0.0058,0
10/7/2015,0.006801915,0.0094,0.0068,-0.0024,-0.0024,0,0
10/8/2015,0.001804492,0.0084,0.0034,0.0076,0.0057,0.0075,0
10/9/2015,0.002377155,0.0012,0.001,-0.0108,0.0012,-0.0017,0
10/12/2015,0.003596644,6.00E-04,-0.0044,-7.00E-04,-2.00E-04,-0.001,0
10/13/2015,-0.002760785,-0.0074,-0.0067,0.0069,0.0028,0.002,0
10/14/2015,-0.006343614,-0.006,-0.0025,-2.00E-04,-0.0034,0.0038,0
10/15/2015,0.019166869,0.0156,0.0061,-0.0015,-0.0115,-0.005,0
10/16/2015,0.012313935,0.0036,-0.0055,-0.0035,-1.00E-04,1.00E-04,0
10/19/2015,-0.000866465,0,9.00E-04,-0.0071,0.0011,-0.0035,0
10/20/2015,-0.002147953,-0.0015,0.0017,0.0121,0.0053,0.0028,0
10/21/2015,-0.004069631,-0.0074,-0.009,-0.0018,0.0036,0.0022,0
10/22/2015,0.020109728,0.015,-0.0076,0.0047,4.00E-04,0.0057,0
10/23/2015,0.02557422,0.0109,-9.00E-04,-0.006,0.0013,-0.0084,0
10/26/2015,2.22E-05,-0.002,-0.0047,-0.0072,0.0016,-0.0019,0
10/27/2015,-0.003663226,-0.0042,-0.0106,-0.0088,-0.0047,-0.0052,0
10/28/2015,0.012459776,0.0143,0.015,0.0064,-0.0069,-0.0024,0
10/29/2015,0.002992175,-0.002,-0.0089,9.00E-04,0.0049,-0.002,0
10/30/2015,-0.008689245,-0.0041,0.0022,-0.0054,0.0042,9.00E-04,0
11/2/2015,0.013794907,0.0125,0.009,-2.00E-04,-0.0047,-5.00E-04,0
11/3/2015,0.004859222,0.0032,0.0048,0.0021,0.001,-9.00E-04,0
11/4/2015,0.002548528,-0.0026,0.0018,-0.0033,-0.0062,-0.007,0
11/5/2015,0.006967898,-8.00E-04,3.00E-04,0.0045,-4.00E-04,0.0013,0
11/6/2015,0.003103845,0.0014,0.0086,0.0029,-0.0069,-0.0016,0
11/9/2015,-0.010266655,-0.0095,-0.0027,-5.00E-04,-0.007,-2.00E-04,0
11/10/2015,0.000261812,0.0013,1.00E-04,0.0026,-0.001,0.0019,0
11/11/2015,0.00447268,-0.0043,-0.0057,-0.0018,-0.0017,5.00E-04,0
11/12/2015,-0.012922302,-0.0145,-0.0056,-0.0045,0.0015,-0.0027,0
11/13/2015,-0.016168644,-0.0106,0.0032,0.0038,-0.005,0.0043,0
11/16/2015,0.014704313,0.0139,-0.0052,0.0046,0.0024,-0.0013,0
11/17/2015,-0.002026708,-0.0011,-0.0024,-0.0066,0,-0.0017,0
11/18/2015,0.017901106,0.0161,-1.00E-04,-8.00E-04,-6.00E-04,-0.0039,0
11/19/2015,-0.001439182,-0.0013,-0.0028,-0.0011,0.0018,0.0014,0
11/20/2015,0.004785393,0.0035,0.004,-0.0041,0.0026,2.00E-04,0
11/23/2015,-0.001077629,-1.00E-04,0.0061,-0.0036,6.00E-04,-0.0017,0
11/24/2015,-6.97E-05,0.0021,0.0076,0.0027,0.0026,0.0011,0
11/25/2015,-0.003290989,9.00E-04,0.0084,-0.0055,-0.0013,-0.0011,0
11/27/2015,0.001322761,9.00E-04,0.0019,-0.0029,-0.0021,7.00E-04,0
11/30/2015,-0.003998681,-0.0047,0.002,0.0069,-0.002,9.00E-04,0
12/1/2015,0.01060553,0.0097,-0.0063,0.0025,-0.0012,-0.0014,0
12/2/2015,-0.009112258,-0.0101,0.0018,-0.007,-3.00E-04,-0.0015,0
12/3/2015,-0.012137336,-0.015,-0.002,0.0044,0.0025,0.0021,0
12/4/2015,0.021821809,0.0186,-0.0107,-0.0052,0.0011,-0.0034,0
12/7/2015,-0.005835371,-0.0084,-0.0088,-0.0066,0.0057,0.0018,0
12/8/2015,-0.005769183,-0.0059,0.0026,-0.0123,-0.002,-0.0078,0
12/9/2015,-0.00763004,-0.0083,-0.002,0.0041,0.0053,0.0063,0
12/10/2015,0.00343591,0.003,0.001,-0.0022,0.0018,-0.0019,0
12/11/2015,-0.021182462,-0.0203,-0.0021,-6.00E-04,8.00E-04,0.0035,0
12/14/2015,0.012205551,0.0029,-0.0113,-0.0019,5.00E-04,-0.0034,0
12/15/2015,0.009362616,0.011,0.0021,0.0076,-0.0076,0.0013,0
12/16/2015,0.015561837,0.0147,1.00E-04,-0.0064,-0.0011,-0.0018,0
12/17/2015,-0.011985877,-0.0146,0.003,-0.0031,-0.0028,-7.00E-04,0
12/18/2015,-0.017817073,-0.017,0.0069,-0.0039,-0.0039,0.002,0
12/21/2015,0.007236273,0.0074,-0.0018,-5.00E-04,-0.001,5.00E-04,0
12/22/2015,0.004913831,0.0089,2.00E-04,0.0051,0.0022,0.005,0
12/23/2015,0.010664546,0.013,0.0024,0.0059,0.001,0.0014,0
12/24/2015,-0.002605417,-0.0011,0.0027,-3.00E-04,-0.0021,8.00E-04,0
12/28/2015,0.001201383,-0.0029,-0.0054,-0.0038,-1.00E-04,-7.00E-04,0
12/29/2015,0.01220187,0.0105,3.00E-04,-0.0031,2.00E-04,-0.0034,0
12/30/2015,-0.007741738,-0.0074,-0.0017,-0.0013,1.00E-04,0.0015,0
12/31/2015,-0.010522139,-0.0092,-0.002,0.0024,-4.00E-04,0.001,0
1/4/2016,-0.018473988,-0.0159,-0.0073,0.0053,0.0046,0.0042,0
1/5/2016,0.000206822,0.0012,-0.0025,0,1.00E-04,0.0033,0
1/6/2016,-0.009157122,-0.0135,-0.0023,-1.00E-04,0,3.00E-04,0
1/7/2016,-0.032405615,-0.0244,-0.0029,8.00E-04,0.0039,0.0042,0
1/8/2016,-0.007719302,-0.0111,-0.0052,-3.00E-04,0.0023,5.00E-04,0
1/11/2016,0.003438284,-6.00E-04,-0.0063,0.0034,0.0056,0.0044,0
1/12/2016,0.008133737,0.0071,-0.0046,-0.0077,-7.00E-04,-0.003,0
1/13/2016,-0.0219831,-0.0267,-0.0059,0.0078,0.0023,0.0068,0
1/14/2016,0.025116259,0.0165,-6.00E-04,-0.0041,-0.0054,-0.0047,0
1/15/2016,-0.024904213,-0.0214,0.004,-0.0021,0.0031,0.0033,0
1/19/2016,0.000226695,-0.002,-0.0138,-7.00E-04,0.0028,0.0026,0
1/20/2016,-0.014406385,-0.0094,0.0167,-0.0124,2.00E-04,-0.0055,0
1/21/2016,0.00470299,0.0045,-0.0045,1.00E-04,0.0049,0.0061,0
1/22/2016,0.027109775,0.0208,0.0014,-0.0019,-0.0038,-0.0076,0
1/25/2016,-0.012165402,-0.0171,-0.0052,-0.0098,0.0019,-1.00E-04,0
1/26/2016,0.017455919,0.0152,0.0059,0.0122,0.0065,0.0071,0
1/27/2016,-0.017940616,-0.0111,-0.0038,0.0172,-0.0027,0.0106,0
1/28/2016,0.033855431,0.0049,-0.0057,0.0127,-0.0036,-0.005,0
1/29/2016,0.018074116,0.0257,0.0059,0.0037,0.0018,0.0047,0
2/1/2016,-0.006143537,-4.00E-04,-0.0032,-0.0095,0.0013,-0.0039,1.00E-05
2/2/2016,-0.019445815,-0.02,-0.0014,-0.0034,0.0024,0.004,1.00E-05
2/3/2016,0.00538931,0.0046,-0.0022,0.0044,0.005,0.0039,1.00E-05
2/4/2016,0.004441516,0.0027,0.0038,0.0033,0.0024,0.0013,1.00E-05
2/5/2016,-0.026281172,-0.0206,-0.0073,0.0175,0.0109,0.0143,1.00E-05
2/8/2016,-0.008171837,-0.0151,9.00E-04,0.0089,0.0146,0.0095,1.00E-05
2/9/2016,-0.004050047,-0.001,-0.0056,-0.0029,-2.00E-04,3.00E-04,1.00E-05
2/10/2016,0.000488255,1.00E-04,-0.0021,-0.0056,-0.0024,-0.0081,1.00E-05
2/11/2016,-0.005287546,-0.0117,0.0028,-0.0148,0.0029,-0.004,1.00E-05
2/12/2016,0.01844082,0.0198,-0.0027,0.0115,-0.0037,0.0032,1.00E-05
2/16/2016,0.013250008,0.0178,0.0055,-0.0055,7.00E-04,-0.0026,1.00E-05
2/17/2016,0.015171667,0.0175,-0.0014,-0.0063,-0.0038,-0.0049,1.00E-05
2/18/2016,-0.005556348,-0.0051,-2.00E-04,0.0021,0.0025,0.0052,1.00E-05
2/19/2016,0.001549879,6.00E-04,0.003,-0.0062,-0.0065,-0.0041,1.00E-05
2/22/2016,0.014910333,0.0143,-0.0017,0.0024,0.0024,-0.002,1.00E-05
2/23/2016,-0.016681807,-0.0122,0.0037,-0.0052,0.0073,0.0049,1.00E-05
2/24/2016,0.00523821,0.0053,0.0064,-0.0032,0,0.0012,1.00E-05
2/25/2016,0.010459018,0.011,-0.0045,0.0023,-0.001,-0.0025,1.00E-05
2/26/2016,-0.001685454,-1.00E-04,0.0085,0.0026,-0.0045,2.00E-04,1.00E-05
2/29/2016,-0.009422886,-0.0069,0.0071,0.0026,0.0012,0.0044,1.00E-05
3/1/2016,0.030029198,0.0234,-0.0063,0.003,-0.0049,-0.0054,1.00E-05
3/2/2016,0.00619386,0.0054,0.006,0.0071,-0.0064,-0.001,1.00E-05
3/3/2016,-0.000731058,0.0051,0.0057,0.0065,0.0038,0.0037,1.00E-05
3/4/2016,-0.000115898,0.0037,0.0033,0.0029,8.00E-04,7.00E-04,1.00E-05
3/7/2016,-0.005533291,0.0021,0.0133,0.0054,-0.0035,0.0043,1.00E-05
3/8/2016,-0.005916778,-0.0127,-0.0127,-0.0049,0.0056,0.0014,1.00E-05
3/9/2016,0.004783669,0.005,0.0011,0.0038,0.0022,0.0013,1.00E-05
3/10/2016,-0.002294351,-0.0011,-0.0074,0.0063,0.0029,0.0019,1.00E-05
3/11/2016,0.011279438,0.0169,0.003,0.0019,-0.0034,-0.0031,1.00E-05
3/14/2016,0.001174484,-0.0012,-0.0013,-0.0087,7.00E-04,-0.0024,1.00E-05
3/15/2016,0.006029281,-0.0036,-0.0143,0.0067,0.0039,7.00E-04,1.00E-05
3/16/2016,0.003537226,0.0063,0.0012,-4.00E-04,0.007,-3.00E-04,1.00E-05
3/17/2016,0.000985141,0.0072,0.0097,0.0058,0.0019,0.0069,1.00E-05
3/18/2016,-0.000822682,0.0054,0.0041,-0.0019,-0.002,0.0019,1.00E-05
3/21/2016,0.002157971,0.001,-0.0028,-0.0031,-0.0011,-0.0035,1.00E-05
3/22/2016,0.002412591,-5.00E-04,-8.00E-04,-0.0044,-0.0031,-0.0026,1.00E-05
3/23/2016,0.001174969,-0.0086,-0.0121,-9.00E-04,0.0052,1.00E-04,1.00E-05
3/24/2016,0.00349531,0,0.0042,-6.00E-04,-1.00E-04,-3.00E-04,1.00E-05
3/28/2016,0.000150205,4.00E-04,-4.00E-04,0.0014,-5.00E-04,0.0024,1.00E-05
3/29/2016,0.011829852,0.0107,0.0165,-0.0118,0.002,-0.0058,1.00E-05
3/30/2016,0.004270413,0.0041,-0.0027,0.0015,-6.00E-04,2.00E-04,1.00E-05
3/31/2016,-0.005366941,-0.0011,0.0041,-0.0048,-8.00E-04,-0.0012,1.00E-05
4/1/2016,0.006069486,0.0064,-0.0034,-0.0062,-0.0042,-0.0014,0
4/4/2016,-0.00581106,-0.0041,-0.0034,-0.0074,-0.0025,-0.0023,0
4/5/2016,-0.008547066,-0.0094,-0.0018,-0.0036,9.00E-04,0.0018,0
4/6/2016,0.009135921,0.0114,6.00E-04,-0.0082,-0.0049,-0.0063,0
4/7/2016,-0.011123263,-0.0123,-9.00E-04,-0.0035,-2.00E-04,0.0021,0
4/8/2016,-0.000210655,0.0029,0.0013,0.0068,0.0042,0.0028,0
4/11/2016,-0.000961533,-0.0028,1.00E-04,0.0095,1.00E-04,0.0029,0
4/12/2016,0.010394271,0.0099,1.00E-04,0.0085,0.001,-0.0016,0
4/13/2016,0.010095493,0.0123,0.0096,0.0036,-0.0045,-0.0034,0
4/14/2016,0.004314374,3.00E-04,-0.0026,0.0018,-0.0036,-0.0012,0
4/15/2016,-0.00325413,-4.00E-04,0.0029,-0.0033,0.0016,0.0016,0
4/18/2016,0.004852496,0.0065,0.0014,-0.0019,-0.0016,-4.00E-04,0
4/19/2016,0.0051027,0.0029,-0.0018,0.0148,-0.0027,0.0037,0
4/20/2016,0.002372921,0.0015,0,0.0054,-0.0034,-0.0012,0
4/21/2016,-0.00436831,-0.0047,-1.00E-04,-0.0059,-0.006,-0.0034,0
4/22/2016,-0.011765242,0.0012,0.0103,0.0049,-5.00E-04,0.0096,0
4/25/2016,4.51E-05,-0.0024,-0.0066,-0.0018,-1.00E-04,-0.0016,0
4/26/2016,-0.004387865,0.0029,0.0082,0.0078,0.0035,0.0061,0
4/27/2016,-0.006584214,0.0021,0.0025,0.0068,-0.001,0.0079,0
4/28/2016,-0.000548965,-0.0096,-0.0021,5.00E-04,-0.0048,0.0055,0
4/29/2016,0.009445827,-0.005,-0.002,0.0038,-9.00E-04,-0.0025,0
5/2/2016,0.010478752,0.0078,-4.00E-04,-0.0036,-6.00E-04,-0.001,1.00E-05
5/3/2016,-0.008047328,-0.0105,-0.0074,-0.005,0.0052,2.00E-04,1.00E-05
5/4/2016,-0.004981385,-0.0066,-0.0017,6.00E-04,0.004,0.0029,1.00E-05
5/5/2016,-0.003367188,-8.00E-04,-0.0052,9.00E-04,0.0018,1.00E-04,1.00E-05
5/6/2016,0.007151721,0.0038,7.00E-04,0.0024,0.0014,0.0024,1.00E-05
5/9/2016,-0.000852968,5.00E-04,0.0018,-0.0148,0,-0.0051,1.00E-05
5/10/2016,0.015620542,0.0126,-0.0036,0.0047,-7.00E-04,5.00E-04,1.00E-05
5/11/2016,-0.002430797,-0.0089,-0.0034,0.0078,-0.0047,0,1.00E-05
5/12/2016,0.000835356,-0.0011,-0.0059,0.0014,0.0034,0.0011,1.00E-05
5/13/2016,-0.008093927,-0.0082,0.0028,-0.0066,-0.0056,-0.0018,1.00E-05
5/16/2016,0.009219454,0.0099,0.0021,-0.0024,-1.00E-04,-0.0031,1.00E-05
5/17/2016,-0.00822605,-0.0095,-0.0068,0.0061,-3.00E-04,-9.00E-04,1.00E-05
5/18/2016,0.004146139,0.001,0.0015,0.0084,-0.0134,-0.0065,1.00E-05
5/19/2016,-0.003990975,-0.0033,-0.0032,-0.0029,0.0033,-1.00E-04,1.00E-05
5/20/2016,0.004184994,0.0075,0.0084,-0.0029,-0.0038,-0.0037,1.00E-05
5/23/2016,-0.003519363,-0.0018,0.0024,-0.0032,-0.0017,9.00E-04,1.00E-05
5/24/2016,0.012385103,0.0143,0.0061,-0.0034,-0.001,-0.0039,1.00E-05
5/25/2016,0.008236387,0.0072,-0.0013,0.0058,0.0024,-0.001,1.00E-05
5/26/2016,0.001445099,-4.00E-04,-0.0016,-0.0051,0.0014,-0.0022,1.00E-05
5/27/2016,0.002255666,0.0049,0.0035,-0.0022,-9.00E-04,-9.00E-04,1.00E-05
5/31/2016,0.001021198,-1.00E-04,0.0045,-0.0036,-0.0024,-0.0033,1.00E-05
6/1/2016,-0.002970018,0.002,0.0064,-0.0025,-0.0025,8.00E-04,1.00E-05
6/2/2016,0.000984276,0.0035,0.0025,-0.0059,-0.0023,-6.00E-04,1.00E-05
6/3/2016,-0.003337584,-0.0038,-0.0018,-9.00E-04,0.0049,0.0017,1.00E-05
6/6/2016,0.006351454,0.006,0.0072,0.0032,-0.001,-0.0011,1.00E-05
6/7/2016,0.001601863,0.0012,0.0023,0.0011,0.0034,0.0023,1.00E-05
6/8/2016,0.002122552,0.0037,0.0043,-0.0012,5.00E-04,-0.0011,1.00E-05
6/9/2016,0.000752231,-0.0027,-0.0043,-0.0022,0.0029,0.0013,1.00E-05
6/10/2016,-0.006988352,-0.0105,-0.004,-0.0018,7.00E-04,0.0059,1.00E-05
6/13/2016,-0.009134616,-0.0083,-0.0037,0.001,-0.0028,-4.00E-04,1.00E-05
6/14/2016,0.001871401,-0.0019,0.0014,-0.0071,0.0024,3.00E-04,1.00E-05
6/15/2016,-0.002686552,-0.0011,0.0027,-5.00E-04,0,5.00E-04,1.00E-05
6/16/2016,0.00588661,0.0024,-0.0031,-0.004,0.0028,0.0035,1.00E-05
6/17/2016,-0.007248041,-0.003,8.00E-04,0.0094,0.0048,0.0062,1.00E-05
6/20/2016,0.003783547,0.0071,0.006,-1.00E-04,-0.0015,0.0012,1.00E-05
6/21/2016,0.00707989,0.0021,-0.0061,0.005,-0.0018,-1.00E-04,1.00E-05
6/22/2016,-0.002663187,-0.002,-0.003,8.00E-04,6.00E-04,0,1.00E-05
6/23/2016,0.012640867,0.0145,0.0056,0.0043,-0.0051,-0.002,1.00E-05
6/24/2016,-0.032156845,-0.037,0,-0.0114,0.0084,8.00E-04,1.00E-05
6/27/2016,-0.013013769,-0.0207,-0.0107,-0.0067,0.0036,0.0042,1.00E-05
6/28/2016,0.020829745,0.0176,-0.0037,0.0015,-0.006,-0.0058,1.00E-05
6/29/2016,0.015777014,0.018,0.0032,-6.00E-04,-4.00E-04,-0.0023,1.00E-05
6/30/2016,0.013128916,0.0142,0.0038,0.0045,-0.0011,0.0037,1.00E-05
7/1/2016,0.001882229,0.0024,0.0047,-0.0041,-3.00E-04,0.0024,1.00E-05
7/5/2016,-0.004263483,-0.0085,-0.0083,-0.0137,0.0057,-0.0068,1.00E-05
7/6/2016,0.009400484,0.0062,0.0017,-0.0013,-0.0012,-0.0016,1.00E-05
7/7/2016,-0.003003671,2.00E-04,0.0035,-0.002,0.0025,-0.0031,1.00E-05
7/8/2016,0.011009,0.016,0.0095,0.0035,8.00E-04,0.0027,1.00E-05
7/11/2016,0.003797836,0.0043,0.0069,0.0026,0.0026,-8.00E-04,1.00E-05
7/12/2016,0.003865499,0.0075,0.0075,0.01,-0.0052,0.0064,1.00E-05
7/13/2016,-0.001176896,-5.00E-04,-0.0047,0.0051,0.0047,0,1.00E-05
7/14/2016,0.006281241,0.0051,-0.0041,0.0045,0,0,1.00E-05
7/15/2016,-6.12E-05,-5.00E-04,0.0029,1.00E-04,-0.0028,1.00E-04,1.00E-05
7/18/2016,0.003593671,0.0025,2.00E-04,-0.0012,0.0012,-0.0024,1.00E-05
7/19/2016,0.001173099,-0.0022,-0.0064,4.00E-04,0.0031,-0.0024,1.00E-05
7/20/2016,0.006802376,0.0048,0.004,-0.0087,0,-0.0036,1.00E-05
7/21/2016,-0.003834961,-0.0038,-7.00E-04,-2.00E-04,7.00E-04,2.00E-04,1.00E-05
7/22/2016,0.001524495,0.0048,0.0028,-8.00E-04,0.0042,-0.0025,1.00E-05
7/25/2016,-0.005829352,-0.0027,-1.00E-04,-0.0024,0.0051,-0.0039,1.00E-05
7/26/2016,-0.003854286,0.0013,0.0062,0.0054,-0.0042,0.0074,1.00E-05
7/27/2016,0.007790605,-0.0014,0.0052,-0.0044,-0.0012,-0.0056,1.00E-05
7/28/2016,0.003323951,0.0018,-0.0045,-0.0035,-7.00E-04,-0.0015,1.00E-05
7/29/2016,0.001147659,0.0017,-3.00E-04,3.00E-04,6.00E-04,0.0031,1.00E-05
8/1/2016,-0.000845818,-0.0016,6.00E-04,-0.0087,0.0065,-0.0073,1.00E-05
8/2/2016,-0.003401327,-0.007,-0.0063,0.0017,-0.0051,0.0016,1.00E-05
8/3/2016,0.002494616,0.0045,0.0058,0.0083,-0.0065,0.0015,1.00E-05
8/4/2016,0.0038538,5.00E-04,7.00E-04,-0.0033,0.0011,8.00E-04,1.00E-05
8/5/2016,0.008295552,0.0093,0.0057,0.0087,-0.0051,-0.0036,1.00E-05
8/8/2016,0.001110158,-6.00E-04,0.0011,0.0057,2.00E-04,0.0044,1.00E-05
8/9/2016,0.000843815,5.00E-04,-5.00E-04,-0.0031,-0.0019,-0.0023,1.00E-05
8/10/2016,-0.004095357,-0.0029,-0.0045,-0.0013,0.0067,0,1.00E-05
8/11/2016,0.002503458,0.0054,0.0015,4.00E-04,-0.0025,0.0016,1.00E-05
8/12/2016,8.55E-07,-6.00E-04,0.0013,-0.0018,-0.0013,-0.0027,1.00E-05
8/15/2016,-0.000635119,0.0039,0.008,0.004,-0.0026,0.0036,1.00E-05
8/16/2016,-0.006490532,-0.0057,-0.002,0.006,-0.0013,0.0031,1.00E-05
8/17/2016,0.002660457,0.0012,-0.005,0.0025,1.00E-04,6.00E-04,1.00E-05
8/18/2016,-0.000655105,0.0032,0.0047,0.0037,-0.0043,0.0035,1.00E-05
8/19/2016,-0.004251117,-0.0011,0.001,-0.0012,0.0025,-0.0014,1.00E-05
8/22/2016,-0.000533059,-2.00E-04,0.0022,-0.0041,-3.00E-04,-0.0036,1.00E-05
8/23/2016,0.000818691,0.0027,0.0056,-1.00E-04,6.00E-04,7.00E-04,1.00E-05
8/24/2016,-0.002250963,-0.0056,-0.0043,0.004,0.0039,-7.00E-04,1.00E-05
8/25/2016,0.000479043,-8.00E-04,0.0022,0.0049,-0.002,0.0029,1.00E-05
8/26/2016,0.000940206,-0.0015,0.0013,-0.0013,-0.0034,-0.002,1.00E-05
8/29/2016,0.005853609,0.0053,0,0.0035,-0.0015,0.0021,1.00E-05
8/30/2016,-0.002575246,-0.0014,0.0021,0.0031,-8.00E-04,-0.003,1.00E-05
8/31/2016,-0.001335518,-0.0024,-0.0035,0.0014,0.0023,-0.0034,1.00E-05
9/1/2016,0.000139328,3.00E-04,5.00E-04,-0.0049,0.0012,-0.0013,1.00E-05
9/2/2016,0.003479542,0.0053,0.0042,0.0036,-0.0013,0.0019,1.00E-05
9/6/2016,0.006732121,0.0026,0,-0.0053,-0.0059,-3.00E-04,1.00E-05
9/7/2016,0.000427957,9.00E-04,0.0061,3.00E-04,-1.00E-04,-0.0025,1.00E-05
9/8/2016,-0.003324265,-0.0018,4.00E-04,0.0058,-0.0082,0.0041,1.00E-05
9/9/2016,-0.023194007,-0.0247,-0.0055,0.003,3.00E-04,-0.0043,1.00E-05
9/12/2016,0.013531844,0.0144,-4.00E-04,-0.0047,-7.00E-04,-0.002,1.00E-05
9/13/2016,-0.010477997,-0.0148,-0.0032,-0.0047,0.0057,-0.0076,1.00E-05
9/14/2016,0.002344914,-8.00E-04,5.00E-04,-0.0082,9.00E-04,-0.0051,1.00E-05
9/15/2016,0.011747657,0.0107,0.0031,-0.0032,9.00E-04,-0.0021,1.00E-05
9/16/2016,-0.002652919,-0.0036,0.0028,-0.0046,0.0026,-0.0019,1.00E-05
9/19/2016,-0.004283393,5.00E-04,0.005,0.0016,-5.00E-04,0.0034,1.00E-05
9/20/2016,0.000127358,-2.00E-04,-0.0033,-0.0052,-0.0046,-0.0011,1.00E-05
9/21/2016,0.009250006,0.0112,0.002,0.0033,-0.0033,0.0052,1.00E-05
9/22/2016,0.007321424,0.007,0.0081,-6.00E-04,0.0012,0.0013,1.00E-05
9/23/2016,-0.005317284,-0.006,-8.00E-04,-0.002,0.0041,-0.0046,1.00E-05
9/26/2016,-0.007920176,-0.0088,-0.003,-0.0035,-0.0021,0.002,1.00E-05
9/27/2016,0.010540234,0.0064,-0.0013,-0.0052,-3.00E-04,-0.0041,1.00E-05
9/28/2016,0.007250941,0.0056,0.0023,0.011,-0.0101,0.0114,1.00E-05
9/29/2016,-0.00987055,-0.0098,-0.0039,0.0055,0.0024,0.0067,1.00E-05
9/30/2016,0.005982843,0.0088,0.0042,0.0035,-0.0012,0.001,1.00E-05
10/3/2016,0.000215478,-0.0026,0,-0.0021,0,0.001,1.00E-05
10/4/2016,-0.003683122,-0.0046,2.00E-04,0.0017,0.0022,-0.0026,1.00E-05
10/5/2016,0.004832992,0.0058,0.0042,0.0079,-0.004,0.0044,1.00E-05
10/6/2016,-0.00016592,-6.00E-04,-0.0023,0.0037,0.0039,0.0024,1.00E-05
10/7/2016,-0.000731991,-0.0038,-0.0053,0.0016,-0.0027,-0.0038,1.00E-05
10/10/2016,0.006902112,0.0052,0.0056,1.00E-04,-0.0058,-0.0022,1.00E-05
10/11/2016,-0.006891529,-0.013,-0.0057,0.0049,0.0031,9.00E-04,1.00E-05
10/12/2016,0.001221054,6.00E-04,-0.0021,0.0037,0.0063,0.0015,1.00E-05
10/13/2016,-0.003886896,-0.0042,-0.0074,-0.0063,0.0032,-0.0013,1.00E-05
10/14/2016,-0.000205323,1.00E-04,-0.0033,0.0057,6.00E-04,9.00E-04,1.00E-05
10/17/2016,-0.001818623,-0.0029,-3.00E-04,0.0014,6.00E-04,0.0014,1.00E-05
10/18/2016,0.001357608,0.006,-0.0014,3.00E-04,-0.0013,-0.0029,1.00E-05
10/19/2016,0.001907475,0.0025,0.0012,0.0091,-0.001,0.0047,1.00E-05
10/20/2016,-0.003538404,-0.0016,-4.00E-04,-0.0011,-0.0046,-4.00E-04,1.00E-05
10/21/2016,0.001759522,2.00E-04,-0.0017,-0.0032,0.0032,-0.0018,1.00E-05
10/24/2016,0.00616322,0.0054,7.00E-04,-0.0016,0.0052,-0.0049,1.00E-05
10/25/2016,-0.0021959,-0.0046,-0.006,0.0022,0,-1.00E-04,1.00E-05
10/26/2016,-0.0042523,-0.0023,-0.0073,0.0074,8.00E-04,0.0054,1.00E-05
10/27/2016,-0.003354004,-0.0033,-0.0095,0.006,-0.0015,-4.00E-04,1.00E-05
10/28/2016,-0.006524106,-0.0029,-0.001,0.001,1.00E-04,0.0033,1.00E-05
10/31/2016,0.000954552,2.00E-04,8.00E-04,0.0014,0.0051,-0.0032,1.00E-05
11/1/2016,-0.006295359,-0.0068,-0.0036,0.0017,-0.0057,-6.00E-04,1.00E-05
11/2/2016,-0.008668275,-0.0073,-0.0059,0.0036,0.0081,0.0015,1.00E-05
11/3/2016,-0.007719533,-0.004,-0.0038,0.0102,0.0011,0.0079,1.00E-05
11/4/2016,-0.003796168,-0.0012,0.0084,-0.0043,-0.0011,-7.00E-04,1.00E-05
11/7/2016,0.022339041,0.0223,0.0018,-0.0015,-0.0028,-0.0018,1.00E-05
11/8/2016,0.005398634,0.004,-0.0011,-0.0019,0,0.0029,1.00E-05
11/9/2016,0.007672619,0.0146,0.0206,0.0099,-0.0085,0.0074,1.00E-05
11/10/2016,-0.00638435,0.0032,0.0143,0.018,-0.0031,0.0037,1.00E-05
11/11/2016,-0.002660362,0.0018,0.0251,-4.00E-04,9.00E-04,-0.0035,1.00E-05
11/14/2016,-0.011211803,0.0021,0.0087,0.0142,-0.0013,0.0035,1.00E-05
11/15/2016,0.013819529,0.008,-0.0054,0.0015,-0.0051,0.0018,1.00E-05
11/16/2016,0.001167109,-0.0012,0.0023,-0.0056,0.0082,-0.0017,1.00E-05
11/17/2016,0.006038701,0.0056,0.0016,-0.0013,0.0025,-0.0047,1.00E-05
11/18/2016,-0.001351562,-0.0016,0.0057,0.0039,-0.0019,0.001,1.00E-05
11/21/2016,0.013008021,0.0077,-0.0026,9.00E-04,-4.00E-04,0.0031,1.00E-05
11/22/2016,0.003274137,0.0031,0.0063,0.0059,0.0076,0.0031,1.00E-05
11/23/2016,-0.000999998,0.0016,0.0058,0.0018,-0.0027,0.0018,1.00E-05
11/25/2016,0.003397792,0.004,-7.00E-04,-0.0025,0.0022,-0.0015,1.00E-05
11/28/2016,-0.00423824,-0.0064,-0.0079,6.00E-04,0.0058,-0.0034,1.00E-05
11/29/2016,-0.000820322,0.0011,-0.004,-7.00E-04,0.0042,-0.0049,1.00E-05
11/30/2016,-0.007464989,-0.0025,-0.0017,0.0224,-0.0144,0.0197,1.00E-05
12/1/2016,-0.001886044,-0.0036,-0.004,0.0204,0.0028,0.0062,1.00E-05
12/2/2016,-0.000577873,0,0,-0.0032,-3.00E-04,8.00E-04,1.00E-05
12/5/2016,0.007873774,0.0075,0.0113,0.0028,-0.0025,-0.0018,1.00E-05
12/6/2016,0.004107709,0.0048,0.0064,0.0023,-0.0013,-0.001,1.00E-05
12/7/2016,0.009996244,0.0126,-0.005,0.0053,0.0081,-1.00E-04,1.00E-05
12/8/2016,0.002134856,0.0036,0.0124,0.0059,-0.0027,-0.001,1.00E-05
12/9/2016,0.007882327,0.0046,-0.0036,0.0013,-0.0012,-5.00E-04,1.00E-05
12/12/2016,0.003585347,-0.003,-0.0097,-0.001,-6.00E-04,7.00E-04,1.00E-05
12/13/2016,0.010510023,0.006,-0.0057,-0.0028,2.00E-04,-0.0017,1.00E-05
12/14/2016,-0.006254868,-0.0082,-0.0038,-0.0028,0.0044,-0.0052,1.00E-05
12/15/2016,0.002783163,0.0046,0.0045,0.0028,4.00E-04,5.00E-04,1.00E-05
12/16/2016,-0.000297693,-0.0022,-3.00E-04,-0.0042,-0.0017,0,1.00E-05
12/19/2016,0.005262825,0.0022,0.0032,9.00E-04,0.0027,4.00E-04,1.00E-05
12/20/2016,0.003943186,0.0044,0.005,0.0068,9.00E-04,7.00E-04,1.00E-05
12/21/2016,-0.000970735,-0.0024,-0.0035,0.0023,0.0014,6.00E-04,1.00E-05
12/22/2016,-0.001127228,-0.003,-0.0077,0.0024,-0.0023,6.00E-04,1.00E-05
12/23/2016,-0.000534028,0.0019,0.0053,-0.0051,-0.0028,-0.0014,1.00E-05
12/27/2016,0.003021124,0.0027,0.0023,0.0013,0.0019,3.00E-04,1.00E-05
12/28/2016,-0.005070219,-0.0087,-0.0031,9.00E-04,0.0012,-0.0016,1.00E-05
12/29/2016,-0.001678083,-4.00E-04,9.00E-04,-0.0031,0.0026,5.00E-04,1.00E-05
12/30/2016,-0.006255716,-0.0052,-5.00E-04,0.002,-0.0014,6.00E-04,1.00E-05
1/3/2017,0.007604546,0.0083,-9.00E-04,8.00E-04,-0.0017,0.0027,2.00E-05
1/4/2017,-0.000174476,0.0079,0.0097,-0.0015,-0.0032,-3.00E-04,2.00E-05
1/5/2017,0.003374068,-0.0021,-0.0099,-0.008,-8.00E-04,-9.00E-04,2.00E-05
1/6/2017,0.004458314,0.0029,-0.007,-0.0031,-0.0023,-0.0029,2.00E-05
1/9/2017,-0.001564893,-0.0037,-0.0031,-0.0104,0.0024,-0.0052,2.00E-05
1/10/2017,-0.002054852,0.0016,0.0102,0.0056,-0.001,6.00E-04,2.00E-05
1/11/2017,0.004014052,0.0031,-0.0023,0.0053,0.0014,0.0028,2.00E-05
1/12/2017,4.83E-05,-0.003,-0.0065,-0.0088,5.00E-04,-0.0029,2.00E-05
1/13/2017,0.002295859,0.0029,0.0062,-8.00E-04,-0.0022,-0.0015,2.00E-05
1/17/2017,-0.00320853,-0.0049,-0.0097,-0.0059,0.0053,0.0042,2.00E-05
1/18/2017,-0.002325902,0.0024,0.0021,0.0024,-7.00E-04,-0.001,2.00E-05
1/19/2017,-0.003510836,-0.0038,-0.0053,-4.00E-04,-1.00E-04,-3.00E-04,2.00E-05
1/20/2017,0.001211726,0.0033,8.00E-04,0.0019,7.00E-04,-1.00E-04,2.00E-05
1/23/2017,0.000694377,-0.0029,-5.00E-04,-0.0031,0.0045,-0.0037,2.00E-05
1/24/2017,0.000526113,0.0083,0.0079,0.0081,-0.0015,0.005,2.00E-05
1/25/2017,0.010292686,0.0084,0.002,0.0036,-0.0026,-0.0014,2.00E-05
1/26/2017,0.00369208,-0.001,-0.0058,0.0038,-0.0012,-0.0017,2.00E-05
1/27/2017,0.00281606,-0.0012,-4.00E-04,-0.0066,0.0011,7.00E-04,2.00E-05
1/30/2017,-0.006042422,-0.0068,-0.0074,-0.0042,0.0058,-0.0015,2.00E-05
1/31/2017,-0.005579048,0,0.0082,-0.0055,-0.0041,-0.0021,2.00E-05
2/1/2017,0.007455833,4.00E-04,-5.00E-04,3.00E-04,0.0025,-0.0025,2.00E-05
2/2/2017,-0.003701221,-2.00E-04,-0.0032,-0.0031,-0.0024,0.002,2.00E-05
2/3/2017,0.001410084,0.0082,0.0066,0.0064,-0.0046,0.0035,2.00E-05
2/6/2017,-0.000187664,-0.0027,-0.0061,-0.002,8.00E-04,-0.0021,2.00E-05
2/7/2017,0.000256244,-1.00E-04,-0.0038,-0.0052,0.0043,-0.0023,2.00E-05
2/8/2017,0.001219057,6.00E-04,-0.0028,-0.0053,0.0034,-0.0011,2.00E-05
2/9/2017,0.005873547,0.0072,0.0073,2.00E-04,-0.0027,3.00E-04,2.00E-05
2/10/2017,0.002985417,0.0038,0.0039,0.0012,-2.00E-04,0.0016,2.00E-05
2/13/2017,0.00530425,0.0049,-0.0028,0.0032,-4.00E-04,5.00E-04,2.00E-05
2/14/2017,0.004829905,0.0045,-0.0016,0.0033,-0.0044,-7.00E-04,2.00E-05
2/15/2017,0.00463412,0.0054,0.0015,-0.0044,0.0029,-8.00E-04,2.00E-05
2/16/2017,0.000703535,-0.0016,-0.0021,-3.00E-04,0.0025,-0.0022,2.00E-05
2/17/2017,0.000305389,0.002,-6.00E-04,-0.0057,6.00E-04,-0.0038,2.00E-05
2/21/2017,0.005335265,0.006,4.00E-04,0.0013,0.0034,0.0035,2.00E-05
2/22/2017,-0.000440209,-0.0015,-0.0039,0.0011,0.0044,-0.0034,2.00E-05
2/23/2017,0.002896663,-0.0011,-0.0073,0.0026,-0.0028,-0.0045,2.00E-05
2/24/2017,0.000735872,0.0015,-0.001,-0.0092,0.0031,-0.0021,2.00E-05
2/27/2017,-0.001090284,0.0022,0.0085,-0.0034,-0.0035,-0.0011,2.00E-05
2/28/2017,-0.002364761,-0.0042,-0.0135,0.002,-2.00E-04,-0.0014,2.00E-05
3/1/2017,0.016094424,0.0147,0.0053,0.0072,-0.0051,0.0055,1.00E-05
3/2/2017,-0.004813158,-0.007,-0.0056,-0.0088,0.0053,-0.0047,1.00E-05
3/3/2017,0.000935465,9.00E-04,-0.0016,0.0013,2.00E-04,-8.00E-04,1.00E-05
3/6/2017,-0.001741961,-0.0038,-0.0041,-0.001,-1.00E-04,0,1.00E-05
3/7/2017,-0.00146108,-0.0036,-0.0035,-5.00E-04,8.00E-04,-0.0025,1.00E-05
3/8/2017,-0.000990095,-0.0019,-0.0017,-0.0082,0.005,-0.0073,1.00E-05
3/9/2017,0.002948551,4.00E-04,-0.0051,-0.0027,-0.0054,-0.0016,1.00E-05
3/10/2017,0.004288249,0.0034,7.00E-04,-0.0038,0.0027,2.00E-04,1.00E-05
3/13/2017,-0.000638685,0.0013,0.0033,-3.00E-04,-8.00E-04,6.00E-04,1.00E-05
3/14/2017,-0.003178302,-0.0036,-0.0023,2.00E-04,0.0046,-0.0025,1.00E-05
3/15/2017,0.007608579,0.0086,0.0072,-0.0041,-9.00E-04,0.0055,1.00E-05
3/16/2017,-0.000607123,-6.00E-04,0.0044,0.0024,-0.0011,-0.0038,1.00E-05
3/17/2017,-0.001095188,-8.00E-04,0.0055,-0.0026,0.0013,-2.00E-04,1.00E-05
3/20/2017,0.000152671,-0.0025,-0.0016,-0.0075,-0.0012,-3.00E-04,1.00E-05
3/21/2017,-0.011823447,-0.0148,-0.0141,-0.0069,0.0078,0.0029,1.00E-05
3/22/2017,0.002793521,0.0016,-0.0033,-0.0054,0.0016,-0.0013,1.00E-05
3/23/2017,-0.000823046,-3.00E-04,0.0074,0.0046,-6.00E-04,0.0019,1.00E-05
3/24/2017,-0.000517209,-5.00E-04,0.0011,-0.0023,-0.0024,-0.0032,1.00E-05
3/27/2017,-0.000768272,-5.00E-04,0.0047,-0.0052,-0.0018,-0.0028,1.00E-05
3/28/2017,0.008254166,0.0072,-6.00E-04,0.0071,2.00E-04,0.0038,1.00E-05
3/29/2017,0.002736337,0.0018,0.0034,-6.00E-04,-0.0019,0.0013,1.00E-05
3/30/2017,0.004874154,0.0036,0.004,0.0092,-0.0016,-0.0015,1.00E-05
3/31/2017,-0.003588227,-0.0016,0.0055,-0.003,0.0016,8.00E-04,1.00E-05
4/3/2017,0.000463951,-0.0028,-0.0115,-0.0011,-0.0017,-7.00E-04,3.00E-05
4/4/2017,0.00422116,5.00E-04,-0.0024,0.0031,-0.001,0.0018,3.00E-05
4/5/2017,-0.002236086,-0.0044,-0.0083,-0.0031,0.0038,-9.00E-04,3.00E-05
4/6/2017,-0.001909662,0.0032,0.0075,0.005,-0.0012,0.0037,3.00E-05
4/7/2017,-0.0016998,-8.00E-04,9.00E-04,-0.0026,1.00E-04,-4.00E-04,3.00E-05
4/10/2017,0.000422817,8.00E-04,0.0015,0.001,0.002,0.0048,3.00E-05
4/11/2017,-0.003505995,-5.00E-04,0.008,0.0025,0.0018,0.0019,3.00E-05
4/12/2017,-0.000823107,-0.0049,-0.0095,-0.0054,-6.00E-04,-0.0054,3.00E-05
4/13/2017,-0.007578336,-0.0075,-0.0033,-0.0079,4.00E-04,-0.0035,3.00E-05
4/17/2017,0.008091851,0.0089,0.0029,0.0022,0.001,-0.0015,3.00E-05
4/18/2017,-0.005249802,-0.0025,0.0031,-0.0016,0.0033,0.001,3.00E-05
4/19/2017,-0.002030059,-8.00E-04,0.0056,-0.0039,0.0038,-0.0085,3.00E-05
4/20/2017,0.00763735,0.0083,0.0058,0.0027,0.0024,-0.0019,3.00E-05
4/21/2017,-0.004837015,-0.0028,6.00E-04,-0.0014,0.004,-0.002,3.00E-05
4/24/2017,0.011220668,0.0118,0.0027,0.0051,-2.00E-04,0.0015,3.00E-05
4/25/2017,0.003839495,0.0066,0.0039,-5.00E-04,-0.003,0.003,3.00E-05
4/26/2017,-3.16E-05,4.00E-04,0.0074,0.0031,0.002,1.00E-04,3.00E-05
4/27/2017,-0.000373357,5.00E-04,-0.002,-0.0096,0.0031,-0.0059,3.00E-05
4/28/2017,0.001312781,-0.003,-0.0074,-0.006,7.00E-04,-0.0021,3.00E-05
5/1/2017,0.007074108,0.0021,0.0026,-0.0013,-0.001,-0.0051,3.00E-05
5/2/2017,-2.73E-05,3.00E-04,-0.0046,-0.0021,0.0041,-0.0033,3.00E-05
5/3/2017,-0.00155686,-0.0019,-0.0052,0.002,-5.00E-04,0.0013,3.00E-05
5/4/2017,-0.003923717,2.00E-04,-0.0012,-0.0036,0.004,-0.007,3.00E-05
5/5/2017,0.002978644,0.0046,9.00E-04,5.00E-04,-0.0022,0.0066,3.00E-05
5/8/2017,0.005832597,-4.00E-04,-0.0024,0.0028,9.00E-04,5.00E-04,3.00E-05
5/9/2017,-0.001914627,-5.00E-04,0.004,-0.0078,0.0037,-0.0037,3.00E-05
5/10/2017,0.000115926,0.0021,0.0025,2.00E-04,-0.0025,0.0036,3.00E-05
5/11/2017,0.000846245,-0.0026,-0.0041,-0.0015,-0.0032,-1.00E-04,3.00E-05
5/12/2017,0.001092059,-0.0018,-0.0037,-0.0061,-0.0023,-0.0033,3.00E-05
5/15/2017,0.003121249,0.0053,0.0026,0.002,-0.003,5.00E-04,3.00E-05
5/16/2017,0.001696061,-3.00E-04,0.0011,-9.00E-04,-0.0022,-0.0014,3.00E-05
5/17/2017,-0.023494938,-0.0197,-0.0099,-0.0054,0.005,0.003,3.00E-05
5/18/2017,0.007108764,0.004,1.00E-04,-0.0039,-0.0029,-0.0061,3.00E-05
5/19/2017,0.0053133,0.007,-0.0034,0.004,-3.00E-04,0.0079,3.00E-05
5/22/2017,0.004466237,0.0056,0.0024,-0.003,-5.00E-04,-0.0032,3.00E-05
5/23/2017,0.002786132,0.0018,0,0.0061,-0.0026,7.00E-04,3.00E-05
5/24/2017,-0.000396659,0.0024,-0.0021,-0.0049,0.0021,-0.0031,3.00E-05
5/25/2017,0.003090105,0.0042,-0.0035,-0.0077,0.0063,-0.0064,3.00E-05
5/26/2017,-0.000524035,6.00E-04,-2.00E-04,9.00E-04,0.0018,0.0015,3.00E-05
5/30/2017,-0.000414836,-0.0019,-0.0054,-0.0032,0.0061,-3.00E-04,3.00E-05
5/31/2017,-0.004579674,-2.00E-04,-5.00E-04,-0.0056,0.0026,-9.00E-04,3.00E-05
6/1/2017,0.005245297,0.0095,0.01,3.00E-04,-0.0016,4.00E-04,3.00E-05
6/2/2017,0.006554505,0.0035,0.0043,-0.0077,0.0027,-0.0048,3.00E-05
6/5/2017,0.001776397,-0.0017,-0.0046,0,-0.0019,1.00E-04,3.00E-05
6/6/2017,0.00094772,-0.0028,0.0011,-6.00E-04,-0.0051,0.0036,3.00E-05
6/7/2017,0.001356778,0.0015,-0.0014,1.00E-04,0.0053,-0.0069,3.00E-05
6/8/2017,-6.90E-05,0.0018,0.0121,0.0092,-0.007,-3.00E-04,3.00E-05
6/9/2017,-0.006220028,-0.0012,0.0026,0.0237,-0.0032,0.0113,3.00E-05
6/12/2017,0.000239852,-0.0011,-0.0019,0.0036,-2.00E-04,0.0061,3.00E-05
6/13/2017,0.0033734,0.0055,6.00E-04,-0.0014,-0.0024,-8.00E-04,3.00E-05
6/14/2017,-0.002225739,-0.0017,-0.0055,-0.0055,0.0011,-0.0052,3.00E-05
6/15/2017,-0.00090557,-0.003,-0.003,-0.0012,2.00E-04,-7.00E-04,3.00E-05
6/16/2017,0.004767861,-3.00E-04,-0.0026,-0.0018,-0.0049,0.0014,3.00E-05
6/19/2017,0.00736838,0.0086,0.0011,-0.0074,-2.00E-04,-9.00E-04,3.00E-05
6/20/2017,-0.007726134,-0.0073,-0.0044,-0.0051,-0.0023,-0.0025,3.00E-05
6/21/2017,-0.000437596,-7.00E-04,-0.0021,-0.0168,-0.001,-0.0115,3.00E-05
6/22/2017,-0.001415226,2.00E-04,0.0047,-0.0042,-0.001,-4.00E-04,3.00E-05
6/23/2017,0.00395419,0.0024,0.0075,-0.005,-0.0033,4.00E-04,3.00E-05
6/26/2017,-0.002895401,4.00E-04,7.00E-04,0.0068,0.0026,0.0018,3.00E-05
6/27/2017,-0.010922662,-0.0084,-0.0022,0.0132,0.0029,0.0033,3.00E-05
6/28/2017,0.008080802,0.0102,0.008,0.0022,-0.0016,-8.00E-04,3.00E-05
6/29/2017,-0.008583267,-0.0083,7.00E-04,0.0138,-0.0026,0.0036,3.00E-05
6/30/2017,0.000366422,0.0014,-0.001,-0.0025,0.0021,0.0029,3.00E-05
7/3/2017,0.002439441,0.0024,0.0043,0.012,-0.0063,0.0065,4.00E-05
7/5/2017,0.005102195,0.0012,-0.0069,-0.0055,0.0019,-0.0068,4.00E-05
7/6/2017,-0.01155245,-0.0095,-0.0044,0.0012,0.0021,-1.00E-04,4.00E-05
7/7/2017,0.005536342,0.007,0.0041,-0.0041,0.0024,-0.0051,4.00E-05
7/10/2017,0.002419376,5.00E-04,-0.0044,-9.00E-04,-9.00E-04,-0.001,4.00E-05
7/11/2017,0.002063408,0,0.003,-0.0053,-0.0035,0.0015,4.00E-05
7/12/2017,0.008483773,0.0072,6.00E-04,-0.0053,0.0016,-0.0023,4.00E-05
7/13/2017,0.001537332,0.0017,-1.00E-04,0.0037,0,0.0021,4.00E-05
7/14/2017,0.00341417,0.0042,-0.0022,-0.005,0.0022,4.00E-04,4.00E-05
7/17/2017,0.000458339,0,0.0022,0.0013,0.0016,7.00E-04,4.00E-05
7/18/2017,0.004337632,4.00E-04,-0.0035,-0.0033,8.00E-04,-0.0042,4.00E-05
7/19/2017,0.004442378,0.0059,0.0047,4.00E-04,-0.0027,0.0013,4.00E-05
7/20/2017,0.001802909,-1.00E-04,4.00E-04,-1.00E-04,9.00E-04,-0.0023,4.00E-05
7/21/2017,-0.006787503,-8.00E-04,-0.0042,-0.0028,0.0012,-0.0029,4.00E-05
7/24/2017,-0.001109978,-3.00E-04,0.0012,-0.002,-0.0023,-0.0039,4.00E-05
7/25/2017,0.002457798,0.0038,0.0043,0.0092,-0.0024,0.007,4.00E-05
7/26/2017,0.006438353,-6.00E-04,-0.0046,-0.007,-0.0019,4.00E-04,4.00E-05
7/27/2017,0.004062882,-0.0014,-0.0066,0.0043,0.0019,0.0041,4.00E-05
7/28/2017,-0.005840104,-0.0017,-7.00E-04,0.0023,-0.0018,0.0018,4.00E-05
7/31/2017,-0.004336845,-0.0011,-0.0025,0.0044,-6.00E-04,0.0014,4.00E-05
8/1/2017,0.002563181,0.0024,-0.0018,0.0018,0.0022,-0.0047,4.00E-05
8/2/2017,0.003364646,-8.00E-04,-0.0115,0.0016,5.00E-04,-0.0034,4.00E-05
8/3/2017,-0.001551186,-0.0021,-0.0034,-0.0029,0.003,-0.0028,4.00E-05
8/4/2017,0.003541872,0.0025,0.0034,0.0036,-7.00E-04,2.00E-04,4.00E-05
8/7/2017,0.003069473,0.0016,-0.0011,-0.0059,0.0025,-0.0037,4.00E-05
8/8/2017,-0.00120702,-0.0024,-0.0011,0.0021,-0.0034,-0.0015,4.00E-05
8/9/2017,0.000908326,-0.0014,-0.0081,-0.0012,0.0011,4.00E-04,4.00E-05
8/10/2017,-0.015087005,-0.0149,-0.0032,0.0024,0.0025,0.0012,4.00E-05
8/11/2017,0.00228788,0.002,0.0018,-0.0086,0.0042,-0.0011,4.00E-05
8/14/2017,0.010383157,0.0103,0.0029,5.00E-04,1.00E-04,-0.0043,4.00E-05
8/15/2017,-0.000663738,-0.0011,-0.0086,-3.00E-04,-0.0017,-0.0026,4.00E-05
8/16/2017,-0.001852995,0.0018,-0.0014,-0.0045,0.0036,-0.0013,4.00E-05
8/17/2017,-0.015827951,-0.0159,-0.0018,-0.0016,-6.00E-04,0.0012,4.00E-05
8/18/2017,-0.001281312,-0.0015,0.0014,0.0021,-0.0026,-1.00E-04,4.00E-05
8/21/2017,-0.000552494,6.00E-04,-0.0028,-0.0022,0.0021,-9.00E-04,4.00E-05
8/22/2017,0.010576246,0.0107,-2.00E-04,-0.0025,-0.002,0.0012,4.00E-05
8/23/2017,-0.004907091,-0.0032,0.0013,0.0041,-0.0049,0.001,4.00E-05
8/24/2017,-0.003447341,-0.0014,0.0058,0.0018,-0.0045,9.00E-04,4.00E-05
8/25/2017,0.001319438,0.0018,0.0016,0.0057,0.001,0.0024,4.00E-05
8/28/2017,0.000939182,8.00E-04,0.0032,-0.0074,0.0023,-0.0019,4.00E-05
8/29/2017,0.002170006,0.001,9.00E-04,-0.0039,6.00E-04,9.00E-04,4.00E-05
8/30/2017,0.00210598,0.0053,2.00E-04,-0.0031,0.0017,-0.0045,4.00E-05
8/31/2017,0.005960509,0.0062,0.004,-0.0042,-0.0026,-9.00E-04,4.00E-05
9/1/2017,0.001510892,0.0027,0.0043,0.0045,-8.00E-04,0.0036,5.00E-05
9/5/2017,-0.009750631,-0.0081,-2.00E-04,-0.0096,-4.00E-04,0.0053,5.00E-05
9/6/2017,0.003661595,0.0028,-1.00E-04,0.0013,-0.003,9.00E-04,5.00E-05
9/7/2017,-0.004223353,-7.00E-04,1.00E-04,-0.0094,3.00E-04,7.00E-04,5.00E-05
9/8/2017,-0.007746001,-0.0016,0.0013,0.0036,0.0022,-0.0014,5.00E-05
9/11/2017,0.010454279,0.0108,-9.00E-04,0.0063,-0.0041,-0.0011,5.00E-05
9/12/2017,0.003348002,0.0043,0.0034,0.0071,7.00E-04,0.0018,5.00E-05
9/13/2017,0.00429769,0.0011,0.003,0.0036,-0.0039,9.00E-04,5.00E-05
9/14/2017,-0.002097224,-0.0012,-5.00E-04,-6.00E-04,-0.0035,0.0023,5.00E-05
9/15/2017,0.004720274,0.0019,0.0024,0.0012,0.0023,1.00E-04,5.00E-05
9/18/2017,0.002255974,0.0024,0.0041,0.0021,-0.0047,0.002,5.00E-05
9/19/2017,0.00403595,0.0015,-0.0021,0.0035,3.00E-04,7.00E-04,5.00E-05
9/20/2017,-0.00165505,0.0016,0.0027,0.005,-0.002,0.0029,5.00E-05
9/21/2017,-0.004925715,-0.0028,0.0017,0.0037,1.00E-04,-8.00E-04,5.00E-05
9/22/2017,-0.001138617,0.0012,0.0044,0.0013,0.0038,0.0028,5.00E-05
9/25/2017,-0.006421706,-0.0025,0.0033,0.0063,-0.0036,0.0065,5.00E-05
9/26/2017,-6.18E-05,5.00E-04,0.0045,0.0013,0.0057,-0.0012,5.00E-05
9/27/2017,0.004620717,0.0063,0.0142,0.0018,-0.0026,-0.0052,5.00E-05
9/28/2017,0.001899439,0.0013,0.0016,-7.00E-04,-0.0011,-0.0019,5.00E-05
9/29/2017,0.003951686,0.0035,-0.0011,-0.0028,-3.00E-04,-0.0035,5.00E-05
10/2/2017,0.002524394,0.005,0.0087,0.0016,-0.0025,0.0026,4.00E-05
10/3/2017,0.003640494,0.0026,-2.00E-04,-2.00E-04,3.00E-04,-0.0011,4.00E-05
10/4/2017,-0.001915407,5.00E-04,-0.0034,-0.0044,-5.00E-04,0,4.00E-05
10/5/2017,0.009279578,0.0055,-0.0031,0.0035,-0.0024,-0.0017,4.00E-05
10/6/2017,-0.000882241,-8.00E-04,-9.00E-04,-0.0025,0.0019,-0.0036,4.00E-05
10/9/2017,-0.004023232,-0.0022,-0.003,-4.00E-04,0.0011,-0.0017,4.00E-05
10/10/2017,0.000795948,0.0024,0,0.0042,4.00E-04,8.00E-04,4.00E-05
10/11/2017,0.002410588,0.0016,-0.0026,-0.0021,-9.00E-04,-6.00E-04,4.00E-05
10/12/2017,-0.006765471,-0.0018,-0.001,-0.0051,0.0021,0.0011,4.00E-05
10/13/2017,0.000892195,4.00E-04,-0.0028,0.001,0.0023,1.00E-04,4.00E-05
10/16/2017,0.009032356,0.0017,-0.0026,0.0036,3.00E-04,-8.00E-04,4.00E-05
10/17/2017,0.004783645,1.00E-04,-0.0037,-0.0032,0.0036,-0.0022,4.00E-05
10/18/2017,-0.003712709,0.0014,0.0036,0.0021,0.0032,-0.0014,4.00E-05
10/19/2017,-0.00095345,2.00E-04,-0.0034,0.0017,0.0013,4.00E-04,4.00E-05
10/20/2017,0.004401568,0.0057,1.00E-04,0.0028,8.00E-04,4.00E-04,4.00E-05
10/23/2017,-0.011273495,-0.0045,-0.0038,0.0012,0.0025,-0.0026,4.00E-05
10/24/2017,-0.000675805,0.002,-9.00E-04,0.0047,5.00E-04,-0.0014,4.00E-05
10/25/2017,-0.007999334,-0.0051,1.00E-04,0.0011,0.0025,-0.0043,4.00E-05
10/26/2017,0.001322391,0.002,5.00E-04,0.0022,0.001,-0.0017,4.00E-05
10/27/2017,0.029034676,0.0082,-6.00E-04,-0.01,0.0013,-0.0132,4.00E-05
10/30/2017,-0.00060185,-0.0046,-0.0075,-5.00E-04,-0.0055,-0.0041,4.00E-05
10/31/2017,-0.002428044,0.0023,0.0076,-0.0022,-0.0017,0.0022,4.00E-05
11/1/2017,0.000418415,5.00E-04,-0.008,0.0014,-6.00E-04,-8.00E-04,4.00E-05
11/2/2017,-0.002708007,6.00E-04,0,0.005,-0.0025,0.0034,4.00E-05
11/3/2017,0.005791952,0.0031,-0.0052,-0.0066,-0.0016,-0.0015,4.00E-05
11/6/2017,0.001538867,6.00E-04,0.0016,0.0019,-0.0057,4.00E-04,4.00E-05
11/7/2017,-0.000911823,-0.002,-0.0142,-0.0039,0.0043,-3.00E-04,4.00E-05
11/8/2017,0.002411893,0.0012,-2.00E-04,-0.0062,0.0062,-1.00E-04,4.00E-05
11/9/2017,-0.000338871,-0.0041,0,0.0022,-4.00E-04,8.00E-04,4.00E-05
11/10/2017,0.000837988,1.00E-04,5.00E-04,-0.0038,0.0016,0.0015,4.00E-05
11/13/2017,-0.007438302,9.00E-04,-0.0029,2.00E-04,8.00E-04,-0.0074,4.00E-05
11/14/2017,-0.010963127,-0.0022,-7.00E-04,0,0.0096,-0.0041,4.00E-05
11/15/2017,-0.001516185,-0.0052,4.00E-04,0.0024,-9.00E-04,0.0015,4.00E-05
11/16/2017,0.00520761,0.0101,0.0079,-0.0052,0.0057,0.0034,4.00E-05
11/17/2017,-0.004559825,-0.0014,0.0073,0.0029,-0.0018,0.0035,4.00E-05
11/20/2017,-7.51E-05,0.0021,0.0063,1.00E-04,0.0026,0,4.00E-05
11/21/2017,0.005668034,0.0067,0.0035,-0.0036,3.00E-04,-0.0062,4.00E-05
11/22/2017,0.00426785,-5.00E-04,8.00E-04,-4.00E-04,-0.0025,0.0016,4.00E-05
11/24/2017,0.004962345,0.0021,1.00E-04,-0.0044,5.00E-04,-8.00E-04,4.00E-05
11/27/2017,0.00037511,-6.00E-04,-0.0031,3.00E-04,0.006,-0.001,4.00E-05
11/28/2017,0.010462266,0.0106,0.0056,0.0084,0.0033,2.00E-04,4.00E-05
11/29/2017,-0.00477528,2.00E-04,0.0029,0.0145,0.0069,0.0059,4.00E-05
11/30/2017,0.005837495,0.0082,-0.0061,-0.005,-0.0025,3.00E-04,4.00E-05
12/1/2017,-0.004154582,-0.0022,-0.0033,0.0036,-0.0042,0.0032,4.00E-05
12/4/2017,-0.005577832,-0.001,-0.0015,0.0122,0.0093,0.0056,4.00E-05
12/5/2017,-0.002754906,-0.0043,-0.0046,-0.0024,0.0024,-0.0011,4.00E-05
12/6/2017,0.001828309,-9.00E-04,-0.005,-0.0051,0.0043,-0.0051,4.00E-05
12/7/2017,0.002815298,0.0042,0.0028,-0.0017,-0.0017,7.00E-04,4.00E-05
12/8/2017,0.005510686,0.0051,-0.0043,-0.0014,-5.00E-04,6.00E-04,4.00E-05
12/11/2017,0.005008784,0.0026,-0.0042,-0.0015,-7.00E-04,8.00E-04,4.00E-05
12/12/2017,0.005508366,7.00E-04,-0.0045,0.0052,0,9.00E-04,4.00E-05
12/13/2017,-0.00096866,2.00E-04,0.0063,-0.0088,0.0029,-6.00E-04,4.00E-05
12/14/2017,-0.003648968,-0.0047,-0.0075,-0.0022,-0.001,-0.0012,4.00E-05
12/15/2017,0.010526253,0.0092,0.0068,3.00E-04,0.0032,-0.005,4.00E-05
12/18/2017,0.002924464,0.0067,0.0081,0.0026,0.0018,0.0016,4.00E-05
12/19/2017,-0.006396154,-0.003,-0.0035,-0.0026,0.0015,0.0038,4.00E-05
12/20/2017,-0.002154889,1.00E-04,0.0038,5.00E-04,-0.0018,0.0027,4.00E-05
12/21/2017,0.003932849,0.0023,0.0031,0.0062,-0.0071,0.0031,4.00E-05
12/22/2017,-0.001359585,-7.00E-04,-0.0019,-0.002,-5.00E-04,0.0021,4.00E-05
12/26/2017,-0.002714819,-7.00E-04,0.0031,-6.00E-04,-0.0017,0.0056,4.00E-05
12/27/2017,0.001651473,5.00E-04,-0.0016,-0.0019,6.00E-04,-0.0012,4.00E-05
12/28/2017,0.002316512,0.0022,0.001,3.00E-04,-9.00E-04,-0.002,4.00E-05
12/29/2017,-0.00622191,-0.0057,-0.003,2.00E-04,0.0018,0.0014,4.00E-05
