Date,USO
1/3/2007,-0.042635583
1/4/2007,-0.040688318
1/5/2007,0.009284723
1/8/2007,-0.007108509
1/9/2007,-0.004000905
1/10/2007,-0.041014758
1/11/2007,-0.022486794
1/12/2007,0.006540392
1/16/2007,-0.028904346
1/17/2007,0.020304592
1/18/2007,-0.022388082
1/19/2007,0.027758501
1/22/2007,-0.013279316
1/23/2007,0.041286542
1/24/2007,0.009857524
1/25/2007,-0.018004296
1/26/2007,0.022310559
1/29/2007,-0.028305921
1/30/2007,0.053146541
1/31/2007,0.018581102
2/1/2007,-0.008291915
2/2/2007,0.031354515
2/5/2007,-0.004864248
2/6/2007,0.002240346
2/7/2007,-0.01950821
2/8/2007,0.031088083
2/9/2007,0.004824161
2/12/2007,-0.03240654
2/13/2007,0.020467274
2/14/2007,-0.01843598
2/15/2007,-0.002064045
2/16/2007,0.020682524
2/20/2007,-0.013779129
2/21/2007,0.024450443
2/22/2007,0.009426414
2/23/2007,0.002582893
2/26/2007,0.008719838
2/27/2007,-0.018664066
2/28/2007,0.024624604
3/1/2007,0.001172372
3/2/2007,-0.004488759
3/5/2007,-0.02724954
3/6/2007,0.014107235
3/7/2007,0.019276649
3/8/2007,0
3/9/2007,-0.023006434
3/12/2007,-0.015166693
3/13/2007,-0.008307984
3/14/2007,0.004086637
3/15/2007,-0.00956453
3/16/2007,-0.005136635
3/19/2007,0.005782797
3/20/2007,-0.004928172
3/21/2007,0.007016096
3/22/2007,0.02827871
3/23/2007,0.007772021
3/26/2007,0.011864702
3/27/2007,0.00058634
3/28/2007,0.01562498
3/29/2007,0.031153827
3/30/2007,-0.005035453
4/2/2007,0.003936326
4/3/2007,-0.020537752
4/4/2007,-0.002478021
4/5/2007,-0.006115115
4/9/2007,-0.03191694
4/10/2007,0.005163913
4/11/2007,-0.002963881
4/12/2007,0.023583096
4/13/2007,-0.00251698
4/16/2007,-0.006211161
4/17/2007,-0.017773437
4/18/2007,-0.00298274
4/19/2007,-0.018348584
4/20/2007,0.016863023
4/23/2007,0.023376664
4/24/2007,-0.016204646
4/25/2007,0.018456063
4/26/2007,-0.00740454
4/27/2007,0.017667865
4/30/2007,-0.011574035
5/1/2007,-0.017174102
5/2/2007,-0.015289932
5/3/2007,-0.006251281
5/4/2007,-0.019886364
5/7/2007,-0.004968903
5/8/2007,0.012068206
5/9/2007,-0.012952323
5/10/2007,0.002916143
5/11/2007,0.0087227
5/14/2007,-0.000205868
5/15/2007,0.008855045
5/16/2007,-0.009389732
5/17/2007,0.033587493
5/18/2007,-0.001196212
5/21/2007,0.014371298
5/22/2007,-0.017709603
5/23/2007,0.005008013
5/24/2007,-0.024715927
5/25/2007,0.011649295
5/29/2007,-0.022222182
5/30/2007,-0.003925682
5/31/2007,0.015556939
6/1/2007,0.010212419
6/4/2007,0.017994319
6/5/2007,-0.006554082
6/6/2007,0.005797701
6/7/2007,0.00675812
6/8/2007,-0.031391924
6/11/2007,0.015898879
6/12/2007,-0.005617957
6/13/2007,0.010694088
6/14/2007,0.020163665
6/15/2007,0.008414893
6/18/2007,0.011837765
6/19/2007,-0.000383583
6/20/2007,-0.010936301
6/21/2007,0.000969913
6/22/2007,0.005620175
6/25/2007,0.001349008
6/26/2007,-0.016166282
6/27/2007,0.014867019
6/28/2007,0.011372398
6/29/2007,0.010100991
7/2/2007,0.009999981
7/3/2007,0.000186848
7/5/2007,0.011393369
7/6/2007,0.00978759
7/9/2007,-0.00603515
7/10/2007,0.006807783
7/11/2007,-0.001096509
7/12/2007,0.00146363
7/13/2007,0.014614523
7/16/2007,0.003961055
7/17/2007,-0.002152062
7/18/2007,0.016894375
7/19/2007,0.008837045
7/20/2007,-0.001401577
7/23/2007,-0.010877175
7/24/2007,-0.021638896
7/25/2007,0.041334282
7/26/2007,-0.02123952
7/27/2007,0.027036659
7/30/2007,-0.004156598
7/31/2007,0.017913026
8/1/2007,-0.013155664
8/2/2007,-0.001038729
8/3/2007,-0.021837123
8/6/2007,-0.03968813
8/7/2007,0.002952029
8/8/2007,-0.001655648
8/9/2007,-0.009028948
8/10/2007,-0.002603198
8/13/2007,0.00391497
8/14/2007,0.007056676
8/15/2007,0.016595999
8/16/2007,-0.028115345
8/17/2007,0.0083986
8/20/2007,-0.009068999
8/21/2007,-0.020732181
8/22/2007,-0.001525882
8/23/2007,0.005730736
8/24/2007,0.018803361
8/27/2007,0.012863591
8/28/2007,-0.005521866
8/29/2007,0.028132519
8/30/2007,-0.000900072
8/31/2007,0.005045027
9/4/2007,0.017389764
9/5/2007,0.008986749
9/6/2007,0.006461806
9/7/2007,0.002255717
9/10/2007,0.017832463
9/11/2007,0.002891614
9/12/2007,0.017639095
9/13/2007,0.0028333
9/14/2007,-0.00631539
9/17/2007,0.01471813
9/18/2007,0.02274602
9/19/2007,-0.003706672
9/20/2007,0.013426108
9/21/2007,-0.008140511
9/24/2007,-0.005149646
9/25/2007,-0.012131996
9/26/2007,0.010316047
9/27/2007,0.02820094
9/28/2007,-0.014029004
10/1/2007,-0.015347706
10/2/2007,0.000649472
10/3/2007,-0.005516794
10/4/2007,0.021536955
10/5/2007,-0.005270755
10/8/2007,-0.024405925
10/9/2007,0.010533312
10/10/2007,0.016286644
10/11/2007,0.01907048
10/12/2007,0.006447555
10/15/2007,0.029531234
10/16/2007,0.016542784
10/17/2007,-0.00522553
10/18/2007,0.023112728
10/19/2007,-0.015109271
10/22/2007,-0.008936521
10/23/2007,-0.010670258
10/24/2007,0.032659896
10/25/2007,0.031479846
10/26/2007,0.014974258
10/29/2007,0.018687678
10/30/2007,-0.040827572
10/31/2007,0.053638136
11/1/2007,-0.015012953
11/2/2007,0.030206458
11/5/2007,-0.010894378
11/6/2007,0.024476407
11/7/2007,-0.011414827
11/8/2007,-0.005370582
11/9/2007,0.009314187
11/12/2007,-0.026748697
11/13/2007,-0.025285105
11/14/2007,0.023544311
11/15/2007,-0.004132163
11/16/2007,0.022129999
11/19/2007,0.007983707
11/20/2007,0.038260143
11/21/2007,-0.011636851
11/23/2007,0.00418629
11/26/2007,-0.006644111
11/27/2007,-0.025573731
11/28/2007,-0.033647374
11/29/2007,-0.002228468
11/30/2007,-0.024148451
12/3/2007,0.011300142
12/4/2007,-0.018387483
12/5/2007,-0.010230547
12/6/2007,0.033920439
12/7/2007,-0.022388018
12/10/2007,-0.001008195
12/11/2007,0.012975793
12/12/2007,0.05180757
12/13/2007,-0.009878268
12/14/2007,-0.012436737
12/17/2007,-0.00512044
12/18/2007,-0.010849882
12/19/2007,0.014625242
12/20/2007,-0.000693056
12/21/2007,0.023578433
12/24/2007,0.002032439
12/26/2007,0.026504491
12/27/2007,0.004478935
12/28/2007,-0.004721325
12/31/2007,-0.001712966
1/2/2008,0.035770841
1/3/2008,-0.001274347
1/4/2008,-0.013525647
1/7/2008,-0.023412211
1/8/2008,0.007417192
1/9/2008,-0.010649461
1/10/2008,-0.016345555
1/11/2008,-0.012564186
1/14/2008,0.0158709
1/15/2008,-0.019797993
1/16/2008,-0.01277825
1/17/2008,-0.011412652
1/18/2008,0.007180093
1/22/2008,-0.013838384
1/23/2008,-0.014883104
1/24/2008,0.02057554
1/25/2008,0.013816495
1/28/2008,0.006118676
1/29/2008,0.00870774
1/30/2008,0.001370225
1/31/2008,-0.009989108
2/1/2008,-0.025984755
2/4/2008,0.01277142
2/5/2008,-0.01709403
2/6/2008,-0.01610841
2/7/2008,0.01130116
2/8/2008,0.044412591
2/11/2008,0.022633758
2/12/2008,-0.012877357
2/13/2008,0.007066246
2/14/2008,0.022264215
2/15/2008,0.002243902
2/19/2008,0.037929646
2/20/2008,0.006471286
2/21/2008,-0.025088225
2/22/2008,0.01642307
2/25/2008,0.001781171
2/26/2008,0.017272035
2/27/2008,-0.014731586
2/28/2008,0.032437976
2/29/2008,-0.013009388
3/3/2008,0.011191271
3/4/2008,-0.023610403
3/5/2008,0.049118399
3/6/2008,0.007082785
3/7/2008,-0.001907212
3/10/2008,0.022691914
3/11/2008,0.008291475
3/12/2008,0.006717651
3/13/2008,0.003336413
3/14/2008,-0.008026568
3/17/2008,-0.037105525
3/18/2008,0.030012004
3/19/2008,-0.040909113
3/20/2008,-0.012030599
3/24/2008,-0.01279214
3/25/2008,0.01507599
3/26/2008,0.040996649
3/27/2008,0.010847837
3/28/2008,-0.015863758
3/31/2008,-0.035676211
4/1/2008,-0.003687352
4/2/2008,0.033555404
4/3/2008,-0.001551647
4/4/2008,0.014704064
4/7/2008,0.02415178
4/8/2008,0.002990935
4/9/2008,0.01961234
4/10/2008,-0.00809901
4/11/2008,0.003402166
4/14/2008,0.013110262
4/15/2008,0.020080355
4/16/2008,0.007764654
4/17/2008,0.002387423
4/18/2008,0.015372934
4/21/2008,0.006290607
4/22/2008,0.007416879
4/23/2008,0.001051725
4/24/2008,-0.020802721
4/25/2008,0.026394926
4/28/2008,0.00031359
4/29/2008,-0.028216156
4/30/2008,-0.005269362
5/1/2008,-0.022918951
5/2/2008,0.033414529
5/5/2008,0.035760128
5/6/2008,0.016952647
5/7/2008,0.014433889
5/8/2008,0.008617244
5/9/2008,0.014504261
5/12/2008,-0.019682745
5/13/2008,0.015982399
5/14/2008,-0.014649474
5/15/2008,-9.98E-05
5/16/2008,0.020556811
5/19/2008,0.005182419
5/20/2008,0.014591439
5/21/2008,0.038446739
5/22/2008,-0.024743801
5/23/2008,0.01249645
5/27/2008,-0.025151894
5/28/2008,0.015921695
5/29/2008,-0.034554344
5/30/2008,0.007823157
6/2/2008,-9.70E-05
6/3/2008,-0.023289674
6/4/2008,-0.016592141
6/5/2008,0.050212102
6/6/2008,0.079076491
6/9/2008,-0.02781488
6/10/2008,-0.018615369
6/11/2008,0.03709588
6/12/2008,0.002522741
6/13/2008,-0.018603398
6/16/2008,-0.001923068
6/17/2008,-0.002844279
6/18/2008,0.020334919
6/19/2008,-0.035891379
6/20/2008,0.020858619
6/23/2008,0.016309318
6/24/2008,0.000270456
6/25/2008,-0.022081992
6/26/2008,0.042580673
6/27/2008,0.00556928
6/30/2008,-0.000791174
7/1/2008,0.008182227
7/2/2008,0.019635222
7/3/2008,-0.00017114
7/7/2008,-0.016007559
7/8/2008,-0.043758148
7/9/2008,-0.002456296
7/10/2008,0.042772402
7/11/2008,0.026674857
7/14/2008,0.000766709
7/15/2008,-0.043326557
7/16/2008,-0.02793842
7/17/2008,-0.034050352
7/18/2008,-0.010328788
7/21/2008,0.021351934
7/22/2008,-0.03140525
7/23/2008,-0.031939634
7/24/2008,0.014397141
7/25/2008,-0.021584881
7/28/2008,0.012793432
7/29/2008,-0.024865725
7/30/2008,0.041717625
7/31/2008,-0.020953677
8/1/2008,0.01050108
8/4/2008,-0.034837727
8/5/2008,-0.019790823
8/6/2008,-0.001778408
8/7/2008,0.010689625
8/8/2008,-0.038987992
8/11/2008,-0.001834247
8/12/2008,-0.011025878
8/13/2008,0.024702176
8/14/2008,-0.010773355
8/15/2008,-0.01013581
8/18/2008,-0.005882364
8/19/2008,0.016217357
8/20/2008,0.013370768
8/21/2008,0.045009533
8/22/2008,-0.057733409
8/25/2008,0.006051405
8/26/2008,0.008592954
8/27/2008,0.018743365
8/28/2008,-0.023729928
8/29/2008,-0.005568005
9/2/2008,-0.039625292
9/3/2008,-0.008409014
9/4/2008,-0.016056139
9/5/2008,-0.011031936
9/8/2008,-0.001510551
9/9/2008,-0.041661841
9/10/2008,0.007528877
9/11/2008,-0.017837809
9/12/2008,0
9/15/2008,-0.063688736
9/16/2008,-0.017169134
9/17/2008,0.033471157
9/18/2008,0.021548361
9/19/2008,0.043703411
9/22/2008,0.060389764
9/23/2008,-0.017005318
9/24/2008,-0.014745107
9/25/2008,0.021564942
9/26/2008,-0.005537005
9/29/2008,-0.105788228
9/30/2008,0.063821588
10/1/2008,-0.029508669
10/2/2008,-0.047367712
10/3/2008,-0.007517805
10/6/2008,-0.04837208
10/7/2008,0.012288744
10/8/2008,-0.003172796
10/9/2008,-0.036811568
10/10/2008,-0.044540202
10/13/2008,0.019248105
10/14/2008,-0.040572441
10/15/2008,-0.066123313
10/16/2008,-0.022888194
10/17/2008,0.000505544
10/20/2008,0.040929763
10/21/2008,-0.049029111
10/22/2008,-0.065339459
10/23/2008,0.030402294
10/24/2008,-0.063604207
10/27/2008,-0.040566075
10/28/2008,0.04660773
10/29/2008,0.046223205
10/30/2008,-0.030172414
10/31/2008,0.029444444
11/3/2008,-0.055765389
11/4/2008,0.093160579
11/5/2008,-0.061693986
11/6/2008,-0.068536367
11/7/2008,-0.00219344
11/10/2008,0.023780955
11/11/2008,-0.060901796
11/12/2008,-0.04905427
11/13/2008,0.071038251
11/14/2008,-0.05755102
11/17/2008,-0.022087484
11/18/2008,-0.008635961
11/19/2008,-0.033727987
11/20/2008,-0.085760499
11/21/2008,0.036662479
11/24/2008,0.076341488
11/25/2008,-0.06276909
11/26/2008,0.076885878
11/28/2008,-0.055006757
12/1/2008,-0.052268971
12/2/2008,-0.034845802
12/3/2008,-0.011688338
12/4/2008,-0.069382367
12/5/2008,-0.032759108
12/8/2008,0.054598511
12/9/2008,-0.046234719
12/10/2008,0.039477502
12/11/2008,0.079028146
12/12/2008,-0.013975182
12/15/2008,-0.033070815
12/16/2008,-0.01085779
12/17/2008,-0.044731011
12/18/2008,-0.059752972
12/19/2008,0.010082524
12/22/2008,-0.073502781
12/23/2008,-0.020568039
12/24/2008,-0.032666667
12/26/2008,0.00275672
12/29/2008,0.062542955
12/30/2008,-0.023285867
12/31/2008,0.096026388
1/2/2009,0.076435141
1/5/2009,0.046870557
1/6/2009,-0.001340456
1/7/2009,-0.106845638
1/8/2009,-0.002103968
1/9/2009,-0.025000059
1/12/2009,-0.05313559
1/13/2009,0.038825449
1/14/2009,-0.019158291
1/15/2009,-0.033621518
1/16/2009,-0.010603015
1/20/2009,-0.040187574
1/21/2009,0.082693685
1/22/2009,-0.032549177
1/23/2009,0.076948767
1/26/2009,-0.005876987
1/27/2009,-0.082140606
1/28/2009,0.008474576
1/29/2009,-0.01781516
1/30/2009,0
2/2/2009,-0.028062937
2/3/2009,0.016549331
2/4/2009,-0.020782853
2/5/2009,0.019101486
2/6/2009,-0.021173135
2/9/2009,0.001773014
2/10/2009,-0.047433628
2/11/2009,-0.030843553
2/12/2009,0.00191714
2/13/2009,-0.020283162
2/17/2009,-0.083593789
2/18/2009,-0.025575363
2/19/2009,0.062117233
2/20/2009,0.00288299
2/23/2009,-0.042299795
2/24/2009,0.048027487
2/25/2009,0.063829744
2/26/2009,0.047307692
2/27/2009,-0.006610393
3/2/2009,-0.095009209
3/3/2009,0.037173162
3/4/2009,0.087436081
3/5/2009,-0.03802977
3/6/2009,0.053840401
3/9/2009,0.02357985
3/10/2009,-0.028621291
3/11/2009,-0.05497668
3/12/2009,0.073384071
3/13/2009,-0.021254021
3/16/2009,0.022439414
3/17/2009,0.042123929
3/18/2009,0.005774456
3/19/2009,0.02532928
3/20/2009,0.013175197
3/23/2009,0.03315998
3/24/2009,-0.005349276
3/25/2009,-0.012654286
3/26/2009,0.025953253
3/27/2009,-0.039662711
3/30/2009,-0.066666634
3/31/2009,0.012195052
4/1/2009,-0.016178968
4/2/2009,0.083974808
4/3/2009,-0.001613944
4/6/2009,-0.022631749
4/7/2009,-0.042672808
4/8/2009,0.019004802
4/9/2009,0.040691794
4/13/2009,-0.032909774
4/14/2009,-0.015835613
4/15/2009,0.003423485
4/16/2009,-0.000682293
4/17/2009,0.005462615
4/20/2009,-0.075721627
4/21/2009,0.004041183
4/22/2009,0.000365898
4/23/2009,0.019751244
4/24/2009,0.036585403
4/27/2009,-0.028373702
4/28/2009,-0.008190883
4/29/2009,0.02549368
4/30/2009,0.00245098
5/1/2009,0.034579184
5/4/2009,0.031735245
5/5/2009,-0.013416198
5/6/2009,0.042454395
5/7/2009,0.001909004
5/8/2009,0.031756177
5/11/2009,-0.006155771
5/12/2009,0.010529575
5/13/2009,-0.013484584
5/14/2009,0.006523859
5/15/2009,-0.033950708
5/18/2009,0.045047925
5/19/2009,0.002445796
5/20/2009,0.032936809
5/21/2009,-0.014467021
5/22/2009,0.009586579
5/26/2009,0.012166172
5/27/2009,0.013778979
5/28/2009,0.021977963
5/29/2009,0.029994397
6/1/2009,0.028296647
6/2/2009,0.004809003
6/3/2009,-0.036160621
6/4/2009,0.03972411
6/5/2009,-0.007694269
6/8/2009,0.003743289
6/9/2009,0.01731481
6/10/2009,0.020424248
6/11/2009,0.018219117
6/12/2009,-0.006300403
6/15/2009,-0.023078874
6/16/2009,-0.000259657
6/17/2009,0.004933862
6/18/2009,0.003875891
6/19/2009,-0.022651147
6/22/2009,-0.045298945
6/23/2009,0.032
6/24/2009,-0.008553863
6/25/2009,0.02588296
6/26/2009,-0.014191879
6/29/2009,0.030925088
6/30/2009,-0.019136231
7/1/2009,-0.012391273
7/2/2009,-0.03764015
7/6/2009,-0.037170597
7/7/2009,-0.02592907
7/8/2009,-0.036675568
7/9/2009,0.00614062
7/10/2009,-0.011901099
7/13/2009,-0.000308894
7/14/2009,-0.008032067
7/15/2009,0.042354405
7/16/2009,0.002688975
7/17/2009,0.020262246
7/20/2009,0.017231307
7/21/2009,0.003158111
7/22/2009,-0.003720607
7/23/2009,0.028152829
7/24/2009,0.012014529
7/27/2009,0.002760878
7/28/2009,-0.015418557
7/29/2009,-0.064037951
7/30/2009,0.060352583
7/31/2009,0.037193545
8/3/2009,0.030154767
8/4/2009,0.001318645
8/5/2009,0.006057414
8/6/2009,0.001832435
8/7/2009,-0.016200627
8/10/2009,0.001593546
8/11/2009,-0.022540388
8/12/2009,0.013293461
8/13/2009,0.01204822
8/14/2009,-0.046825398
8/17/2009,-0.014154844
8/18/2009,0.037725253
8/19/2009,0.034183341
8/20/2009,-0.011804853
8/21/2009,0.014865995
8/24/2009,0.001830997
8/25/2009,-0.029503943
8/26/2009,-0.005918671
8/27/2009,0.020838971
8/28/2009,-0.001590695
8/31/2009,-0.042750956
9/1/2009,-0.021636589
9/2/2009,-0.002551744
9/3/2009,0.003979534
9/4/2009,-0.00537936
9/8/2009,0.051522856
9/9/2009,0
9/10/2009,0.011640498
9/11/2009,-0.041477095
9/14/2009,-0.003070938
9/15/2009,0.027723384
9/16/2009,0.01989098
9/17/2009,0.001603046
9/18/2009,-0.009869378
9/21/2009,-0.03421339
9/22/2009,0.031520281
9/23/2009,-0.050027015
9/24/2009,-0.03302021
9/25/2009,0.000883103
9/28/2009,0.014999941
9/29/2009,-0.005795335
9/30/2009,0.054794461
10/1/2009,0.001105305
10/2/2009,-0.009936544
10/5/2009,0.008642348
10/6/2009,0.009950276
10/7/2009,-0.01587307
10/8/2009,0.020022275
10/9/2009,0.01308615
10/12/2009,0.014262621
10/13/2009,0.012204909
10/14/2009,0.01205764
10/15/2009,0.033670007
10/16/2009,0.013530469
10/19/2009,0.007663708
10/20/2009,-0.009077503
10/21/2009,0.023273162
10/22/2009,0.003387346
10/23/2009,-0.013503761
10/26/2009,-0.019066219
10/27/2009,0.011462721
10/28/2009,-0.027839394
10/29/2009,0.036492728
10/30/2009,-0.038630854
11/2/2009,0.016531053
11/3/2009,0.016262146
11/4/2009,0.009108887
11/5/2009,-0.00463535
11/6/2009,-0.026960736
11/9/2009,0.020151108
11/10/2009,-0.002222222
11/11/2009,0.003464464
11/12/2009,-0.031565944
11/13/2009,-0.003819735
11/16/2009,0.029908027
11/17/2009,0.004715785
11/18/2009,0.004693626
11/19/2009,-0.024833982
11/20/2009,-0.006051488
11/23/2009,-0.001014637
11/24/2009,-0.020314855
11/25/2009,0.0238465
11/27/2009,-0.025316456
11/30/2009,0.016883169
12/1/2009,0.012005031
12/2/2009,-0.019687002
12/3/2009,-0.008238929
12/4/2009,-0.004932451
12/7/2009,-0.021914948
12/8/2009,-0.017071325
12/9/2009,-0.026594276
12/10/2009,-0.003902955
12/11/2009,-0.006996921
12/14/2009,0.002818546
12/15/2009,0.00983693
12/16/2009,0.022543891
12/17/2009,-0.010342977
12/18/2009,0.008250797
12/21/2009,-0.013638843
12/22/2009,0.011061975
12/23/2009,0.032275738
12/24/2009,0.012188632
12/28/2009,0.017277486
12/29/2009,-0.000514694
12/30/2009,0.00772397
12/31/2009,0.003576904
1/4/2010,0.025203692
1/5/2010,0.003476533
1/6/2010,0.013857981
1/7/2010,-0.006102026
1/8/2010,0.005157146
1/11/2010,-0.009528439
1/12/2010,-0.022446965
1/13/2010,-0.010598082
1/14/2010,-0.003825504
1/15/2010,-0.016897055
1/19/2010,0.013802031
1/20/2010,-0.026714642
1/21/2010,-0.017154843
1/22/2010,-0.024167614
1/25/2010,0.012933434
1/26/2010,-0.008421651
1/27/2010,-0.011506795
1/28/2010,0.002217239
1/29/2010,-0.014380559
2/1/2010,0.030303087
2/2/2010,0.022058768
2/3/2010,0.003197522
2/4/2010,-0.049136863
2/5/2010,-0.016480447
2/8/2010,-0.003408094
2/9/2010,0.031917897
2/10/2010,0.008284977
2/11/2010,0.007395262
2/12/2010,-0.01277863
2/16/2010,0.04076012
2/17/2010,0.004763165
2/18/2010,0.020015775
2/19/2010,0.00929512
2/22/2010,-0.001534945
2/23/2010,-0.017934845
2/24/2010,0.017218888
2/25/2010,-0.022569914
2/26/2010,0.018630254
3/1/2010,-0.012107213
3/2/2010,0.011734055
3/3/2010,0.015463995
3/4/2010,-0.006345177
3/5/2010,0.017879846
3/8/2010,-0.001505571
3/9/2010,-0.006031716
3/10/2010,0.008849634
3/11/2010,0.003759323
3/12/2010,-0.013483171
3/15/2010,-0.017210732
3/16/2010,0.024723125
3/17/2010,0.011058029
3/18/2010,-0.007705742
3/19/2010,-0.018035998
3/22/2010,0.009183673
3/23/2010,0.003538928
3/24/2010,-0.019143627
3/25/2010,-0.001027144
3/26/2010,-0.001799486
3/29/2010,0.029101132
3/30/2010,-0.0002502
3/31/2010,0.008510638
4/1/2010,0.023579076
4/5/2010,0.020126042
4/6/2010,-0.001188495
4/7/2010,-0.011899096
4/8/2010,-0.001926806
4/9/2010,-0.006515468
4/12/2010,-0.005829439
4/13/2010,-0.000977303
4/14/2010,0.021276572
4/15/2010,-0.001197294
4/16/2010,-0.026612348
4/19/2010,-0.012068892
4/20/2010,0.004736923
4/21/2010,-0.000744392
4/22/2010,0.000744947
4/23/2010,0.016129082
4/26/2010,-0.014652088
4/27/2010,-0.024287461
4/28/2010,0.015240082
4/29/2010,0.026770077
4/30/2010,0.007066301
5/3/2010,0.003145342
5/4/2010,-0.042450508
5/5/2010,-0.035012594
5/6/2010,-0.035238892
5/7/2010,-0.017586526
5/10/2010,0.025337344
5/11/2010,-0.012624281
5/12/2010,0.000272089
5/13/2010,-0.017405466
5/14/2010,-0.036534735
5/17/2010,-0.02671646
5/18/2010,-0.012101534
5/19/2010,0.00119501
5/20/2010,-0.039092721
5/21/2010,0.002173882
5/24/2010,-0.003098915
5/25/2010,-0.009947094
5/26/2010,0.023233909
5/27/2010,0.052776956
5/28/2010,-0.007869426
6/1/2010,-0.025264423
6/2/2010,0.018384599
6/3/2010,0.013909351
6/4/2010,-0.046117866
6/7/2010,-0.002753978
6/8/2010,0.018410525
6/9/2010,0.022898524
6/10/2010,0.024153136
6/11/2010,-0.01553063
6/14/2010,0.002921472
6/15/2010,0.026216078
6/16/2010,0.007380131
6/17/2010,-0.009862017
6/18/2010,0.00768358
6/21/2010,-0.002259192
6/22/2010,-0.00934056
6/23/2010,-0.021714229
6/24/2010,0.004380753
6/25/2010,0.03692937
6/28/2010,-0.012619209
6/29/2010,-0.029537093
6/30/2010,-0.006145713
7/1/2010,-0.032096585
7/2/2010,-0.008214208
7/6/2010,0.000306841
7/7/2010,0.031892087
7/8/2010,0.017236195
7/9/2010,0.003213555
7/12/2010,-0.016307542
7/13/2010,0.028419273
7/14/2010,-0.002302878
7/15/2010,-0.002308078
7/16/2010,-0.012145806
7/19/2010,0.008782172
7/20/2010,0.010446924
7/21/2010,-0.01780583
7/22/2010,0.035672426
7/23/2010,-0.000846951
7/26/2010,-0.001130291
7/27/2010,-0.01923621
7/28/2010,-0.008941362
7/29/2010,0.020372526
7/30/2010,0.00798628
8/2/2010,0.032258065
8/3/2010,0.011787281
8/4/2010,-0.000270875
8/5/2010,-0.005149133
8/6/2010,-0.013892618
8/9/2010,0.009115967
8/10/2010,-0.018067342
8/11/2010,-0.031502566
8/12/2010,-0.023604029
8/13/2010,-0.003832459
8/16/2010,-0.00532702
8/17/2010,0.007735733
8/18/2010,-0.005609655
8/19/2010,-0.012767221
8/20/2010,-0.009022526
8/23/2010,-0.015781517
8/24/2010,-0.020351526
8/25/2010,0.01888571
8/26/2010,0.007723201
8/27/2010,0.029123269
8/30/2010,-0.016383676
8/31/2010,-0.033313144
9/1/2010,0.032268202
9/2/2010,0.013353505
9/3/2010,-0.008984696
9/7/2010,-0.009670595
9/8/2010,0.011290784
9/9/2010,-0.007543754
9/10/2010,0.026755884
9/13/2010,0.007699112
9/14/2010,-0.004114017
9/15/2010,-0.011802804
9/16/2010,-0.015228485
9/17/2010,-0.010006004
9/20/2010,0.017457855
9/21/2010,-0.017158308
9/22/2010,-0.002143951
9/23/2010,0.002762308
9/24/2010,0.022344783
9/27/2010,-0.004790419
9/28/2010,-0.001504302
9/29/2010,0.022597169
9/30/2010,0.026517414
10/1/2010,0.022675115
10/4/2010,-0.001122677
10/5/2010,0.01404889
10/6/2010,0.005264589
10/7/2010,-0.022601985
10/8/2010,0.01945863
10/11/2010,-0.015214494
10/12/2010,0.001404607
10/13/2010,0.014305693
10/14/2010,-0.004424779
10/15/2010,-0.014722194
10/18/2010,0.022836143
10/19/2010,-0.045755238
10/20/2010,0.028018516
10/21/2010,-0.020792414
10/22/2010,0.018364535
10/25/2010,0.0022541
10/26/2010,0.003092494
10/27/2010,-0.007287052
10/28/2010,-0.000846951
10/29/2010,-0.006216474
11/1/2010,0.018197414
11/2/2010,0.012845546
11/3/2010,0.012958423
11/4/2010,0.020413717
11/5/2010,0.004267805
11/8/2010,-0.003187331
11/9/2010,-0.012789769
11/10/2010,0.026720702
11/11/2010,-0.00525765
11/12/2010,-0.036205048
11/15/2010,0.000822566
11/16/2010,-0.028767096
11/17/2010,-0.020310324
11/18/2010,0.022171034
11/19/2010,-0.007887296
11/22/2010,-0.00482686
11/23/2010,-0.00285301
11/24/2010,0.03233193
11/26/2010,-0.003048808
11/29/2010,0.022518709
11/30/2010,-0.020119576
12/1/2010,0.032186459
12/2/2010,0.015322553
12/3/2010,0.014297088
12/6/2010,-0.002349256
12/7/2010,-0.010989063
12/8/2010,0.004232804
12/9/2010,-0.00052687
12/10/2010,-0.007380048
12/13/2010,0.006107249
12/14/2010,0.000264001
12/15/2010,0.00237467
12/16/2010,-0.00579105
12/17/2010,0.001059068
12/20/2010,0.006347474
12/21/2010,0.006307543
12/22/2010,0.009140715
12/23/2010,0.008799198
12/27/2010,-0.006926655
12/28/2010,0.00516665
12/29/2010,-0.00231303
12/30/2010,-0.018031968
12/31/2010,0.023085022
1/3/2011,0.001282026
1/4/2011,-0.024839873
1/5/2011,0.011554569
1/6/2011,-0.021806854
1/7/2011,-0.000265446
1/10/2011,0.013273162
1/11/2011,0.018601075
1/12/2011,0.002829244
1/13/2011,-0.008720184
1/14/2011,0.006985666
1/18/2011,-0.004881758
1/19/2011,-0.004905732
1/20/2011,-0.025168681
1/21/2011,-0.001597072
1/24/2011,-0.015462491
1/25/2011,-0.017871649
1/26/2011,0.015991122
1/27/2011,-0.024694682
1/28/2011,0.045631693
1/31/2011,0.027408168
2/1/2011,-0.01398604
2/2/2011,0.002889414
2/3/2011,-0.002357255
2/4/2011,-0.019690207
2/7/2011,-0.018211034
2/8/2011,-0.000545581
2/9/2011,-0.003820934
2/10/2011,0.001095918
2/11/2011,-0.013410016
2/14/2011,-0.004715617
2/15/2011,-0.013656689
2/16/2011,0.00395592
2/17/2011,0.014917028
2/18/2011,0.008319467
2/22/2011,0.058580884
2/23/2011,0.034034735
2/24/2011,-0.020854222
2/25/2011,0.018219117
2/28/2011,-0.012348816
3/1/2011,0.032916587
3/2/2011,0.022480212
3/3/2011,-0.005073665
3/4/2011,0.027926226
3/7/2011,0.000944885
3/8/2011,-0.001416049
3/9/2011,-0.006145166
3/10/2011,-0.015457717
3/11/2011,-0.01714983
3/14/2011,0.005406759
3/15/2011,-0.037154754
3/16/2011,0.0073623
3/17/2011,0.025453604
3/18/2011,0.006881347
3/21/2011,0.003905296
3/22/2011,0.019450498
3/23/2011,0.004292893
3/24/2011,-0.001424887
3/25/2011,0.003091582
3/28/2011,-0.018018065
3/29/2011,0.009898697
3/30/2011,-0.004064116
3/31/2011,0.022563562
4/1/2011,0.013380282
4/4/2011,0.002084781
4/5/2011,-0.003698567
4/6/2011,0.006264525
4/7/2011,0.014295666
4/8/2011,0.026369628
4/11/2011,-0.03344414
4/12/2011,-0.030705775
4/13/2011,0.010638322
4/14/2011,0.012397637
4/15/2011,0.009935305
4/18/2011,-0.018988744
4/19/2011,0.001632463
4/20/2011,0.029569266
4/21/2011,0.007914948
4/25/2011,-0.000897487
4/26/2011,-0.001122816
4/27/2011,0.012140288
4/28/2011,-0.004220302
4/29/2011,0.007138077
5/2/2011,-0.004872691
5/3/2011,-0.018918273
5/4/2011,-0.018602631
5/5/2011,-0.091077166
5/6/2011,-0.011444583
5/9/2011,0.051453564
5/10/2011,0.005138317
5/11/2011,-0.042113046
5/12/2011,-0.001778882
5/13/2011,0.00407332
5/16/2011,-0.023580148
5/17/2011,0.001038717
5/18/2011,0.024643347
5/19/2011,-0.010886076
5/20/2011,0.01023806
5/23/2011,-0.025335697
5/24/2011,0.021055315
5/25/2011,0.016547887
5/26/2011,-0.008264513
5/27/2011,0.002777803
5/31/2011,0.019894259
6/1/2011,-0.024197531
6/2/2011,0.004048583
6/3/2011,-0.000504032
6/6/2011,-0.016641452
6/7/2011,0.001282026
6/8/2011,0.020486531
6/9/2011,0.007277315
6/10/2011,-0.026656677
6/13/2011,-0.020732071
6/14/2011,0.021955046
6/15/2011,-0.03887458
6/16/2011,-0.00425769
6/17/2011,-0.021111626
6/20/2011,0.002457002
6/21/2011,0.001906318
6/22/2011,0.008426121
6/23/2011,-0.029380055
6/24/2011,-0.00555393
6/27/2011,-0.004747333
6/28/2011,0.021885494
6/29/2011,0.022240583
6/30/2011,0.000268654
7/1/2011,-0.002416756
7/5/2011,0.021803417
7/6/2011,-0.001844046
7/7/2011,0.019002429
7/8/2011,-0.020979072
7/11/2011,-0.013492011
7/12/2011,0.017162751
7/13/2011,0.011072977
7/14/2011,-0.02086047
7/15/2011,0.015446126
7/18/2011,-0.014162103
7/19/2011,0.017557861
7/20/2011,0.003921621
7/21/2011,0.008333307
7/22/2011,0.005423528
7/25/2011,-0.006421783
7/26/2011,0.003360936
7/27/2011,-0.021643906
7/28/2011,-0.001580221
7/29/2011,-0.012925402
8/1/2011,-0.005879129
8/2/2011,-0.021505349
8/3/2011,-0.014835191
8/4/2011,-0.059397684
8/5/2011,0.006522413
8/8/2011,-0.071870425
8/9/2011,0.003490987
8/10/2011,0.005060088
8/11/2011,0.047828759
8/12/2011,-0.002102072
8/15/2011,0.029792386
8/16/2011,-0.011396814
8/17/2011,0.005320603
8/18/2011,-0.067333112
8/19/2011,0.012610341
8/22/2011,0.018680013
8/23/2011,0.021393551
8/24/2011,-0.01017343
8/25/2011,-0.003325302
8/26/2011,0.005459539
8/29/2011,0.024434297
8/30/2011,0.014134276
8/31/2011,0.002032491
9/1/2011,-0.001158997
9/2/2011,-0.024078967
9/6/2011,-0.001486296
9/7/2011,0.032747812
9/8/2011,-0.006630153
9/9/2011,-0.017701713
9/12/2011,0.016838997
9/13/2011,0.012492738
9/14/2011,-0.01463409
9/15/2011,0.007571287
9/16/2011,-0.01329477
9/19/2011,-0.024897423
9/20/2011,0.004205437
9/21/2011,-0.015255818
9/22/2011,-0.054374214
9/23/2011,-0.001284902
9/26/2011,0.012222547
9/27/2011,0.028598666
9/28/2011,-0.034599908
9/29/2011,0.023039968
9/30/2011,-0.04629337
10/3/2011,-0.024598229
10/4/2011,0.005716207
10/5/2011,0.03109328
10/6/2011,0.036964981
10/7/2011,0.001876204
10/10/2011,0.037453214
10/11/2011,-0.006919494
10/12/2011,-0.002726447
10/13/2011,-0.00820158
10/14/2011,0.037365909
10/17/2011,-0.012990818
10/18/2011,0.021537601
10/19/2011,-0.024597392
10/20/2011,0.00060045
10/21/2011,0.015601439
10/24/2011,0.0451995
10/25/2011,0.011871057
10/26/2011,-0.020670336
10/27/2011,0.032800855
10/28/2011,-0.004971003
10/31/2011,-0.008048765
11/1/2011,-0.015109149
11/2/2011,0.013352187
11/3/2011,0.018222653
11/4/2011,0.003854598
11/7/2011,0.017279238
11/8/2011,0.009166891
11/9/2011,-0.011488111
11/10/2011,0.019459486
11/11/2011,0.012990403
11/14/2011,-0.009159854
11/15/2011,0.015055441
11/16/2011,0.023679417
11/17/2011,-0.028215557
11/18/2011,-0.010724562
11/21/2011,-0.006081438
11/22/2011,0.006118649
11/23/2011,-0.017451084
11/25/2011,0
11/28/2011,0.018568299
11/29/2011,0.018494083
11/30/2011,0.005966278
12/1/2011,-0.004383651
12/2/2011,0.010877959
12/5/2011,-0.000512452
12/6/2011,-0.000256293
12/7/2011,-0.004871769
12/8/2011,-0.026539603
12/9/2011,0.019057729
12/12/2011,-0.01610387
12/13/2011,0.019271383
12/14/2011,-0.050505075
12/15/2011,-0.014457147
12/16/2011,0.003874868
12/19/2011,-0.001929942
12/20/2011,0.03756906
12/21/2011,0.014643237
12/22/2011,0.004460719
12/23/2011,0.005485972
12/27/2011,0.014809015
12/28/2011,-0.018433205
12/29/2011,0.001825769
12/30/2011,-0.00781044
1/3/2012,0.041458881
1/4/2012,0.002015646
1/5/2012,-0.015086799
1/6/2012,0.001276564
1/9/2012,-0.003569582
1/10/2012,0.006652968
1/11/2012,-0.010676207
1/12/2012,-0.022096532
1/13/2012,0.002627404
1/17/2012,0.01650946
1/18/2012,0.001031219
1/19/2012,-0.003605537
1/20/2012,-0.02352029
1/23/2012,0.016146109
1/24/2012,-0.007554077
1/25/2012,0.00656168
1/26/2012,0.000521538
1/27/2012,-0.001824342
1/30/2012,-0.007571828
1/31/2012,-0.004998632
2/1/2012,-0.01163403
2/2/2012,-0.006688068
2/3/2012,0.012388877
2/6/2012,-0.00691668
2/7/2012,0.016608598
2/8/2012,0.002371541
2/9/2012,0.00762358
2/10/2012,-0.008087712
2/13/2012,0.017622278
2/14/2012,0.003876997
2/15/2012,0.008753862
2/16/2012,0.002552297
2/17/2012,0.011965403
2/21/2012,0.020880553
2/22/2012,0.000246378
2/23/2012,0.019216531
2/24/2012,0.015470124
2/27/2012,-0.019757154
2/28/2012,-0.009470593
2/29/2012,0.003186982
3/1/2012,0.02028353
3/2/2012,-0.023473054
3/5/2012,0.004905592
3/6/2012,-0.020502806
3/7/2012,0.011961126
3/8/2012,0.005171115
3/9/2012,0.006614405
3/12/2012,-0.009491336
3/13/2012,0.003194128
3/14/2012,-0.010286602
3/15/2012,-0.00321705
3/16/2012,0.018619663
3/19/2012,0.006336876
3/20/2012,-0.020828311
3/21/2012,0.005688845
3/22/2012,-0.012789006
3/23/2012,0.013702043
3/26/2012,0.00196611
3/27/2012,-0.001471695
3/28/2012,-0.012773275
3/29/2012,-0.022393581
3/30/2012,-0.001527132
4/2/2012,0.020392531
4/3/2012,-0.009243043
4/4/2012,-0.020675744
4/5/2012,0.010813543
4/9/2012,-0.007386577
4/10/2012,-0.011804028
4/11/2012,0.012983641
4/12/2012,0.011022841
4/13/2012,-0.007352865
4/16/2012,0.000766232
4/17/2012,0.011740658
4/18/2012,-0.014883956
4/19/2012,-0.002304738
4/20/2012,0.011036961
4/23/2012,-0.009139376
4/24/2012,0.003586959
4/25/2012,0.006127189
4/26/2012,0.003044887
4/27/2012,0.002276752
4/30/2012,0.001514412
5/1/2012,0.011844808
5/2/2012,-0.00647579
5/3/2012,-0.026573001
5/4/2012,-0.03966008
5/7/2012,-0.006436095
5/8/2012,-0.0048583
5/9/2012,-0.009492786
5/10/2012,0.00246443
5/11/2012,-0.009560311
5/14/2012,-0.017926008
5/15/2012,-0.009267116
5/16/2012,-0.006519275
5/17/2012,-0.00028525
5/18/2012,-0.017408704
5/21/2012,0.020912053
5/22/2012,-0.019061222
5/23/2012,-0.011310905
5/24/2012,0.004986741
5/25/2012,-0.001167455
5/29/2012,0.000292198
5/30/2012,-0.035349109
5/31/2012,-0.012416687
6/1/2012,-0.036185249
6/4/2012,0.010499523
6/5/2012,0
6/6/2012,0.01227966
6/7/2012,-0.013374898
6/8/2012,0.002522068
6/11/2012,-0.034591133
6/12/2012,0.023452735
6/13/2012,-0.010184596
6/14/2012,0.020257235
6/15/2012,-0.003151623
6/18/2012,-0.009800791
6/19/2012,0.011494253
6/20/2012,-0.037563131
6/21/2012,-0.033781601
6/22/2012,0.021724407
6/25/2012,-0.009966811
6/26/2012,0.00033557
6/27/2012,0.013082926
6/28/2012,-0.02317884
6/29/2012,0.078983051
7/2/2012,-0.012566761
7/3/2012,0.048043239
7/5/2012,-0.009714633
7/6/2012,-0.031575691
7/9/2012,0.018360177
7/10/2012,-0.020205099
7/11/2012,0.025698033
7/12/2012,-0.004021064
7/13/2012,0.014906801
7/16/2012,0.013463862
7/17/2012,0.007850302
7/18/2012,0.009286938
7/19/2012,0.028198279
7/20/2012,-0.012702021
7/23/2012,-0.035087748
7/24/2012,0.004545515
7/25/2012,0.001809864
7/26/2012,0.006022313
7/27/2012,0.007782041
7/30/2012,-0.006533918
7/31/2012,-0.023019461
8/1/2012,0.014993819
8/2/2012,-0.017184204
8/3/2012,0.045092089
8/6/2012,0.010272909
8/7/2012,0.014235968
8/8/2012,-0.001145832
8/9/2012,0.001720706
8/10/2012,-0.002290352
8/13/2012,-0.00545188
8/14/2012,0.007501385
8/15/2012,0.007731988
8/16/2012,0.010514408
8/17/2012,0.010967379
8/20/2012,-0.003337941
8/21/2012,0.00418638
8/22/2012,0.0066704
8/23/2012,-0.012700248
8/24/2012,-0.002237081
8/27/2012,-0.001961855
8/28/2012,0.00505476
8/29/2012,-0.011455714
8/30/2012,-0.003391831
8/31/2012,0.017867301
9/4/2012,-0.010587936
9/5/2012,0.001689721
9/6/2012,-0.009558617
9/7/2012,0.018450213
9/10/2012,-0.000836204
9/11/2012,0.007252525
9/12/2012,-0.001938521
9/13/2012,0.013040982
9/14/2012,0.009038675
9/17/2012,-0.029587405
9/18/2012,-0.005034965
9/19/2012,-0.040764717
9/20/2012,0.011430217
9/21/2012,-0.000579426
9/24/2012,-0.011597622
9/25/2012,-0.009973599
9/26/2012,-0.012148148
9/27/2012,0.024295201
9/28/2012,-0.000878565
10/1/2012,0.003810111
10/2/2012,-0.006715328
10/3/2012,-0.041446179
10/4/2012,0.040784973
10/5/2012,-0.017383648
10/8/2012,-0.003897961
10/9/2012,0.028898223
10/10/2012,-0.009947338
10/11/2012,0.013297902
10/12/2012,-0.008457305
10/15/2012,0
10/16/2012,0.003823559
10/17/2012,-0.00087908
10/18/2012,-0.000879707
10/19/2012,-0.021426475
10/22/2012,-0.013197301
10/23/2012,-0.028267567
10/24/2012,-0.010634971
10/25/2012,0.004742397
10/26/2012,0.000314663
10/31/2012,-0.000314564
11/1/2012,0.008810572
11/2/2012,-0.022146007
11/5/2012,0.008293493
11/6/2012,0.030053779
11/7/2012,-0.041461977
11/8/2012,0.002883691
11/9/2012,0.013738052
11/12/2012,-0.004412228
11/13/2012,-0.005698006
11/14/2012,0.011461318
11/15/2012,-0.008813346
11/16/2012,0.01397269
11/19/2012,0.023175634
11/20/2012,-0.022038477
11/21/2012,0.005320751
11/23/2012,0.006226681
11/26/2012,-0.004022308
11/27/2012,-0.006523734
11/28/2012,-0.005941182
11/29/2012,0.01195335
11/30/2012,0.01212319
12/3/2012,0.001228409
12/4/2012,-0.006134847
12/5/2012,-0.005555586
12/6/2012,-0.017380539
12/7/2012,-0.004106096
12/10/2012,-0.004440279
12/11/2012,0.002548582
12/12/2012,0.009850715
12/13/2012,-0.006293297
12/14/2012,0.007283059
12/17/2012,0.0062873
12/18/2012,0.005310903
12/19/2012,0.015226787
12/20/2012,0.001836609
12/21/2012,-0.011304583
12/24/2012,-0.003708251
12/26/2012,0.028225805
12/27/2012,0.001206546
12/28/2012,-0.004519373
12/31/2012,0.009987833
1/2/2013,0.013485197
1/3/2013,-0.002365405
1/4/2013,0.004149348
1/7/2013,0.001180549
1/8/2013,0.001179275
1/9/2013,-0.002355654
1/10/2013,0.008559533
1/11/2013,-0.003219111
1/14/2013,0.006459131
1/15/2013,-0.008459656
1/16/2013,0.008531832
1/17/2013,0.011376867
1/18/2013,0.002884396
1/22/2013,0.006902445
1/23/2013,-0.011425222
1/24/2013,0.004333921
1/25/2013,0.000575403
1/28/2013,0.004600345
1/29/2013,0.01001723
1/30/2013,0.005667356
1/31/2013,-0.005917244
2/1/2013,0.001984099
2/4/2013,-0.016124442
2/5/2013,0.007188039
2/6/2013,0.000285527
2/7/2013,-0.010274001
2/8/2013,0.00057673
2/11/2013,0.012103688
2/12/2013,0.004555809
2/13/2013,-0.00255102
2/14/2013,0.002273402
2/15/2013,-0.015593961
2/19/2013,0.006912385
2/20/2013,-0.022597283
2/21/2013,-0.021656367
2/22/2013,0.005085193
2/25/2013,-0.011607114
2/26/2013,0.00361346
2/27/2013,0.00210021
2/28/2013,-0.01017967
3/1/2013,-0.00967934
3/4/2013,-0.01038485
3/5/2013,0.008950524
3/6/2013,-0.004588498
3/7/2013,0.012292501
3/8/2013,0.003339405
3/11/2013,-0.000302511
3/12/2013,0.006658505
3/13/2013,-0.0021046
3/14/2013,0.006929768
3/15/2013,0.005385997
3/18/2013,0.001488214
3/19/2013,-0.017236314
3/20/2013,0.011490807
3/21/2013,-0.011958206
3/22/2013,0.016944085
3/25/2013,0.007140642
3/26/2013,0.017725348
3/27/2013,0.002902699
3/28/2013,0.005788741
4/1/2013,-0.002014388
4/2/2013,-0.000864994
4/3/2013,-0.02568554
4/4/2013,-0.010959687
4/5/2013,-0.0032944
4/8/2013,0.006310186
4/9/2013,0.004478859
4/10/2013,0.005648127
4/11/2013,-0.010937126
4/12/2013,-0.027794382
4/15/2013,-0.031970459
4/16/2013,0.008574151
4/17/2013,-0.02361461
4/18/2013,0.020315995
4/19/2013,-0.007901391
4/22/2013,0.013698662
4/23/2013,0.001257102
4/24/2013,0.025109823
4/25/2013,0.018064911
4/26/2013,-0.003909805
4/29/2013,0.014794747
4/30/2013,-0.013388902
5/1/2013,-0.023220778
5/2/2013,0.033961193
5/3/2013,0.015526903
5/6/2013,0.003822435
5/7/2013,-0.003807879
5/8/2013,0.011467334
5/9/2013,-0.006686162
5/10/2013,-0.000877934
5/13/2013,-0.008201465
5/14/2013,-0.008860012
5/15/2013,0.001489869
5/16/2013,0.007735733
5/17/2013,0.010038382
5/20/2013,0.006723181
5/21/2013,-0.009581824
5/22/2013,-0.019056053
5/23/2013,0.002390974
5/24/2013,-0.005068634
5/28/2013,0.012586216
5/29/2013,-0.020420331
5/30/2013,0.004531783
5/31/2013,-0.01924809
6/3/2013,0.016865961
6/4/2013,0.001206303
6/5/2013,0.001807138
6/6/2013,0.010823843
6/7/2013,0.016061898
6/10/2013,-0.004683841
6/11/2013,-0.006176441
6/12/2013,0.007102634
6/13/2013,0.008815839
6/14/2013,0.011942906
6/17/2013,0.00057559
6/18/2013,0.005753769
6/19/2013,-0.005148742
6/20/2013,-0.033064923
6/21/2013,-0.011894172
6/24/2013,0.012338218
6/25/2013,0.002972741
6/26/2013,0.001778216
6/27/2013,0.015680563
6/28/2013,-0.004369414
7/1/2013,0.01433581
7/2/2013,0.015575455
7/3/2013,0.017892673
7/5/2013,0.020089314
7/8/2013,-0.004102872
7/9/2013,0.009887394
7/10/2013,0.017949415
7/11/2013,-0.011220999
7/12/2013,0.01486093
7/15/2013,0.002928568
7/16/2013,-0.005043749
7/17/2013,0.00853786
7/18/2013,0.014285741
7/19/2013,0.002869092
7/22/2013,-0.013784213
7/23/2013,0.004483175
7/24/2013,-0.018114938
7/25/2013,0.004812834
7/26/2013,-0.009845742
7/29/2013,-0.002149906
7/30/2013,-0.012388984
7/31/2013,0.018816554
8/1/2013,0.024357574
8/2/2013,-0.008622968
8/5/2013,-0.002899236
8/6/2013,-0.009780676
8/7/2013,-0.012012841
8/8/2013,-0.004593299
8/9/2013,0.020358306
8/12/2013,0.004522426
8/13/2013,0.003707733
8/14/2013,0.00501314
8/15/2013,0.003938094
8/16/2013,0.0041841
8/19/2013,-0.005989687
8/20/2013,-0.017029029
8/21/2013,-0.009328412
8/22/2013,0.009954345
8/23/2013,0.010921683
8/26/2013,0.000263452
8/27/2013,0.023972603
8/28/2013,0.005402701
8/29/2013,-0.012794268
8/30/2013,-0.002592068
9/3/2013,0.007276455
9/4/2013,-0.010835862
9/5/2013,0.009128821
9/6/2013,0.017317188
9/9/2013,-0.010670782
9/10/2013,-0.015408295
9/11/2013,0.003651539
9/12/2013,0.010135109
9/13/2013,-0.000514561
9/16/2013,-0.019047543
9/17/2013,-0.009708711
9/18/2013,0.024907206
9/19/2013,-0.015511841
9/20/2013,-0.008140808
9/23/2013,-0.01323802
9/24/2013,-0.001341535
9/25/2013,-0.009134873
9/26/2013,0.00542302
9/27/2013,-0.003236327
9/30/2013,-0.002976218
10/1/2013,-0.004613243
10/2/2013,0.020174427
10/3/2013,-0.007482603
10/4/2013,0.004577329
10/7/2013,-0.004556473
10/8/2013,0.004577329
10/9/2013,-0.020369927
10/10/2013,0.015047853
10/11/2013,-0.009433909
10/14/2013,0.003265279
10/15/2013,-0.010848875
10/16/2013,0.012338826
10/17/2013,-0.014626138
10/18/2013,0.001924134
10/21/2013,-0.013991824
10/22/2013,-0.014746773
10/23/2013,-0.012990652
10/24/2013,0.001144521
10/25/2013,0.009431208
10/28/2013,0.006511863
10/29/2013,-0.003938087
10/30/2013,-0.015814798
10/31/2013,-0.004591076
11/1/2013,-0.016142923
11/4/2013,-0.002636976
11/5/2013,-0.010869653
11/6/2013,0.015444046
11/7/2013,-0.006434572
11/8/2013,0.001177421
11/11/2013,0.00735078
11/12/2013,-0.018096878
11/13/2013,0.007728984
11/14/2013,0.000884897
11/15/2013,-0.001473593
11/18/2013,-0.007674203
11/19/2013,0.00297448
11/20/2013,-0.002669039
11/21/2013,0.016057002
11/22/2013,-0.003804419
11/25/2013,-0.006463014
11/26/2013,-0.003843909
11/27/2013,-0.0148412
11/29/2013,0.008134981
12/2/2013,0.006575045
12/3/2013,0.024643646
12/4/2013,0.010721618
12/5/2013,0.001433458
12/6/2013,0.003435414
12/9/2013,-0.003994265
12/10/2013,0.011458064
12/11/2013,-0.009345822
12/12/2013,-0.000285849
12/13/2013,-0.009436717
12/16/2013,0.008660508
12/17/2013,-0.002003435
12/18/2013,0.004588472
12/19/2013,0.008278647
12/20/2013,0.004530011
12/23/2013,-0.003382159
12/24/2013,0.003676499
12/26/2013,0.004508312
12/27/2013,0.005329537
12/30/2013,-0.008649581
12/31/2013,-0.00591047
1/2/2014,-0.030860702
1/3/2014,-0.014022787
1/6/2014,-0.005333333
1/7/2014,0.000297945
1/8/2014,-0.012507504
1/9/2014,-0.002412485
1/10/2014,0.003325181
1/13/2014,-0.011449172
1/14/2014,0.007010058
1/15/2014,0.0220944
1/16/2014,-0.003553391
1/17/2014,0.001188618
1/21/2014,0.008904809
1/22/2014,0.016769608
1/23/2014,0.004629629
1/24/2014,-0.004032229
1/27/2014,-0.010121515
1/28/2014,0.013438475
1/29/2014,0.001153099
1/30/2014,0.00633461
1/31/2014,-0.004291903
2/3/2014,-0.008045949
2/4/2014,0.006373175
2/5/2014,-0.000863644
2/6/2014,0.005474013
2/7/2014,0.021203351
2/10/2014,-0.000280528
2/11/2014,0.000280606
2/12/2014,0.004489338
2/13/2014,0.001955307
2/14/2014,0.001115166
2/18/2014,0.020885547
2/19/2014,0.006546699
2/20/2014,-0.000542032
2/21/2014,-0.005151898
2/24/2014,0.002725593
2/25/2014,-0.005436287
2/26/2014,0.004372779
2/27/2014,-0.00163268
2/28/2014,0.001362851
3/3/2014,0.021230211
3/4/2014,-0.012260101
3/5/2014,-0.022126254
3/6/2014,0.009105905
3/7/2014,0.005742384
3/10/2014,-0.013050571
3/11/2014,-0.013498568
3/12/2014,-0.012845657
3/13/2014,-0.000282829
3/14/2014,0.005376316
3/17/2014,-0.010695103
3/18/2014,0.012233285
3/19/2014,0.003653654
3/20/2014,-0.003640353
3/21/2014,0.007307419
3/24/2014,-0.000558036
3/25/2014,-0.001395868
3/26/2014,0.008946044
3/27/2014,0.011360488
3/28/2014,0.003287644
3/31/2014,-0.000819197
4/1/2014,-0.020770648
4/2/2014,-0.000837371
4/3/2014,0.009497207
4/4/2014,0.008024378
4/7/2014,-0.004117513
4/8/2014,0.017089389
4/9/2014,0.008672059
4/10/2014,-0.000537345
4/11/2014,-0.000537661
4/14/2014,0.005379263
4/15/2014,0.000267469
4/16/2014,0.002407088
4/17/2014,0.004802561
4/21/2014,-0.000531094
4/22/2014,-0.017003162
4/23/2014,-0.002432432
4/24/2014,0.003792983
4/25/2014,-0.012145776
4/28/2014,0.003005492
4/29/2014,0.00027246
4/30/2014,-0.010893273
5/1/2014,-0.004405286
5/2/2014,0.00359516
5/5/2014,-0.004133425
5/6/2014,0.001383509
5/7/2014,0.011329069
5/8/2014,-0.003005355
5/9/2014,-0.002466429
5/12/2014,0.005219725
5/13/2014,0.01229847
5/14/2014,0.003779671
5/15/2014,-0.003765438
5/16/2014,0.005129562
5/19/2014,0.004029036
5/20/2014,0.003745291
5/21/2014,0.012260128
5/22/2014,0.000789837
5/23/2014,0.00447256
5/27/2014,-0.001047695
5/28/2014,-0.012060803
5/29/2014,0.006104034
5/30/2014,-0.006067001
6/2/2014,-0.003980918
6/3/2014,0.002930989
6/4/2014,-0.003453799
6/5/2014,0.001066409
6/6/2014,0.001597923
6/9/2014,0.015155517
6/10/2014,0.002619146
6/11/2014,-0.000783673
6/12/2014,0.021699399
6/13/2014,0.001023465
6/16/2014,0.001278093
6/17/2014,-0.004595252
6/18/2014,0.000512849
6/19/2014,0.003076211
6/20/2014,0.004855584
6/23/2014,-0.004069176
6/24/2014,-0.001787538
6/25/2014,0.005116424
6/26/2014,-0.008144566
6/27/2014,0.000256582
6/30/2014,-0.002565393
7/1/2014,-0.000514403
7/2/2014,-0.011837339
7/3/2014,-0.003906302
7/7/2014,-0.002091556
7/8/2014,0.000262038
7/9/2014,-0.012833971
7/10/2014,0.005571849
7/11/2014,-0.019525118
7/14/2014,0.004305705
7/15/2014,-0.011789898
7/16/2014,0.011659436
7/17/2014,0.013937309
7/18/2014,-0.002907771
7/21/2014,0.010074151
7/22/2014,-0.003936929
7/23/2014,0.00553357
7/24/2014,-0.008909853
7/25/2014,-0.001322052
7/28/2014,-0.003441912
7/29/2014,-0.006641871
7/30/2014,-0.012570233
7/31/2014,-0.016251301
8/1/2014,-0.003579323
8/4/2014,0.008013291
8/5/2014,-0.00877193
8/6/2014,-0.005807494
8/7/2014,0.005841418
8/8/2014,-0.001106222
8/11/2014,0.002768605
8/12/2014,-0.006350055
8/13/2014,0.000833509
8/14/2014,-0.025263715
8/15/2014,0.009398974
8/18/2014,-0.010722291
8/19/2014,-0.009982943
8/20/2014,0.004321579
8/21/2014,0.006597791
8/22/2014,-0.003704788
8/25/2014,-0.002574371
8/26/2014,0.004875308
8/27/2014,-0.000285445
8/28/2014,0.008278647
8/29/2014,0.012457475
9/2/2014,-0.027125197
9/3/2014,0.0218453
9/4/2014,-0.007032349
9/5/2014,-0.01133136
9/8/2014,-0.005730687
9/9/2014,-0.002305533
9/10/2014,-0.010398643
9/11/2014,0.01255111
9/12/2014,-0.008936235
9/15/2014,0.005235602
9/16/2014,0.019965248
9/17/2014,-0.006808567
9/18/2014,-0.011139646
9/19/2014,-0.001444223
9/22/2014,-0.010992219
9/23/2014,0.00731208
9/24/2014,0.016260192
9/25/2014,-0.004857086
9/26/2014,0.009474533
9/29/2014,0.010238908
9/30/2014,-0.03125
10/1/2014,-0.007555885
10/2/2014,0.006442079
10/3/2014,-0.017457056
10/6/2014,0.007995292
10/7/2014,-0.01762638
10/8/2014,-0.013157865
10/9/2014,-0.026969667
10/10/2014,0.002179975
10/13/2014,-0.005904288
10/14/2014,-0.035636136
10/15/2014,-0.005834684
10/16/2014,0.014020215
10/17/2014,0.004823151
10/20/2014,-0.003520032
10/21/2014,0.005138086
10/22/2014,-0.023961662
10/23/2014,0.016693945
10/24/2014,-0.005795235
10/27/2014,-0.007772021
10/28/2014,0.005874706
10/29/2014,0.01330305
10/30/2014,-0.015049632
10/31/2014,-0.0042263
11/3/2014,-0.028403494
11/4/2014,-0.015457023
11/5/2014,0.022184369
11/6/2014,-0.011686177
11/7/2014,0.005405405
11/10/2014,-0.014112903
11/11/2014,0.002726653
11/12/2014,-0.009517369
11/13/2014,-0.029169459
11/14/2014,0.019087981
11/17/2014,-0.005202914
11/18/2014,-0.016736367
11/19/2014,0.001773014
11/20/2014,0.01699115
11/21/2014,0.012878524
11/24/2014,-0.012371134
11/25/2014,-0.02470421
11/26/2014,-0.004637923
11/28/2014,-0.083154122
12/1/2014,0.028928851
12/2/2014,-0.028115502
12/3/2014,0
12/4/2014,-0.00938233
12/5/2014,-0.014996093
12/8/2014,-0.042067269
12/9/2014,0.012128858
12/10/2014,-0.038016527
12/11/2014,-0.025773238
12/12/2014,-0.033068783
12/15/2014,-0.039671728
12/16/2014,0.011396012
12/17/2014,0.001877981
12/18/2014,-0.028116214
12/19/2014,0.058823481
12/22/2014,-0.047358791
12/23/2014,0.030592686
12/24/2014,-0.023654918
12/26/2014,-0.012826509
12/29/2014,-0.023099229
12/30/2014,-0.000492512
12/31/2014,0.003449975
1/2/2015,-0.023084576
1/5/2015,-0.055304075
1/6/2015,-0.039382755
1/7/2015,0.017728644
1/8/2015,0.009798475
1/9/2015,-0.014555149
1/12/2015,-0.04759305
1/13/2015,0.012062091
1/14/2015,0.036889839
1/15/2015,-0.044882266
1/16/2015,0.050429739
1/20/2015,-0.046372068
1/21/2015,0.016590389
1/22/2015,-0.020258863
1/23/2015,-0.023549684
1/26/2015,-0.007647
1/27/2015,0.020154
1/28/2015,-0.037768741
1/29/2015,0.007246438
1/30/2015,0.068345324
2/2/2015,0.044893434
2/3/2015,0.05370569
2/4/2015,-0.068297652
2/5/2015,0.041028444
2/6/2015,0.023121281
2/9/2015,0.015408373
2/10/2015,-0.041982752
2/11/2015,-0.022703325
2/12/2015,0.03619665
2/13/2015,0.022940615
2/17/2015,0.008664627
2/18/2015,-0.026781252
2/19/2015,-0.008307373
2/20/2015,-0.023560209
2/23/2015,-0.02895437
2/24/2015,-0.003865268
2/25/2015,0.03381369
2/26/2015,-0.033243914
2/27/2015,0.003882363
3/2/2015,0.012154696
3/3/2015,0.009279476
3/4/2015,0.02812331
3/5/2015,-0.01578122
3/6/2015,-0.025120204
3/9/2015,0.006030702
3/10/2015,-0.023978202
3/11/2015,-0.007816862
3/12/2015,-0.018570568
3/13/2015,-0.03669736
3/16/2015,-0.026785656
3/17/2015,-0.023853211
3/18/2015,0.050125313
3/19/2015,-0.040572792
3/20/2015,0.021766169
3/23/2015,0.021302556
3/24/2015,0.000595948
3/25/2015,0.033948777
3/26/2015,0.048963016
3/27/2015,-0.058758927
3/30/2015,0.005250934
3/31/2015,-0.022634939
4/1/2015,0.043942993
4/2/2015,-0.001137713
4/6/2015,0.049544479
4/7/2015,0.034183342
4/8/2015,-0.051941188
4/9/2015,-0.002213558
4/10/2015,0.021075928
4/13/2015,0.004888647
4/14/2015,0.017297297
4/15/2015,0.047290064
4/16/2015,0.011669306
4/17/2015,-0.005015095
4/20/2015,0.002520111
4/21/2015,-0.02212157
4/22/2015,-0.004627249
4/23/2015,0.020661104
4/24/2015,-0.004554656
4/27/2015,-0.007625826
4/28/2015,0.004098361
4/29/2015,0.026530663
4/30/2015,0.019383647
5/1/2015,-0.005363237
5/4/2015,-0.005882304
5/5/2015,0.023668589
5/6/2015,0.002890173
5/7/2015,-0.029779011
5/8/2015,0.010891039
5/11/2015,-0.001958913
5/12/2015,0.017664427
5/13/2015,-0.006268033
5/14/2015,-0.003881611
5/15/2015,-0.000487141
5/18/2015,-0.003898587
5/19/2015,-0.039628276
5/20/2015,0.010697963
5/21/2015,0.033266129
5/22/2015,-0.012195122
5/26/2015,-0.027654272
5/27/2015,-0.010665363
5/28/2015,0.004106725
5/29/2015,0.03834356
6/1/2015,0.00246194
6/2/2015,0.015717042
6/3/2015,-0.024661509
6/4/2015,-0.025285077
6/5/2015,0.012207528
6/8/2015,-0.009547789
6/9/2015,0.025367835
6/10/2015,0.021276597
6/11/2015,-0.007267394
6/12/2015,-0.010736945
6/15/2015,-0.005920079
6/16/2015,0.005459057
6/17/2015,-0.002467966
6/18/2015,0.007422168
6/19/2015,-0.016699459
6/22/2015,0.006993007
6/23/2015,0.015376935
6/24/2015,-0.013189937
6/25/2015,-0.010891138
6/26/2015,0
6/29/2015,-0.023523524
6/30/2015,0.018964582
7/1/2015,-0.039235364
7/2/2015,-0.008900524
7/6/2015,-0.063391442
7/7/2015,0.001692047
7/8/2015,-0.021396453
7/9/2015,0.018987343
7/10/2015,-0.002258555
7/13/2015,-0.009054895
7/14/2015,0.01199309
7/15/2015,-0.027652315
7/16/2015,-0.010446953
7/17/2015,-0.003519003
7/20/2015,-0.017657387
7/21/2015,0.013181485
7/22/2015,-0.033707865
7/23/2015,-0.012239963
7/24/2015,-0.006815242
7/27/2015,-0.023705613
7/28/2015,0.012779553
7/29/2015,0.024605678
7/30/2015,-0.00862069
7/31/2015,-0.031677019
8/3/2015,-0.031430404
8/4/2015,0.00794702
8/5/2015,-0.012483574
8/6/2015,-0.010645376
8/7/2015,-0.020847344
8/10/2015,0.022664835
8/11/2015,-0.027535259
8/12/2015,-0.002762431
8/13/2015,-0.024238227
8/14/2015,-0.007097232
8/17/2015,-0.007147963
8/18/2015,0.011519078
8/19/2015,-0.044128114
8/20/2015,-0.00446761
8/21/2015,-0.010471204
8/24/2015,-0.055177627
8/25/2015,0.0184
8/26/2015,0.003142184
8/27/2015,0.092404072
8/28/2015,0.066666667
8/31/2015,0.067876344
9/1/2015,-0.067967275
9/2/2015,0.018906144
9/3/2015,0.016567263
9/4/2015,-0.016949153
9/8/2015,-0.00397878
9/9/2015,-0.033288948
9/10/2015,0.028236915
9/11/2015,-0.018754186
9/14/2015,-0.01774744
9/15/2015,0.012508687
9/16/2015,0.054221002
9/17/2015,-0.008463542
9/18/2015,-0.040052528
9/21/2015,0.029411765
9/22/2015,-0.008637874
9/23/2015,-0.032171582
9/24/2015,0.010387812
9/25/2015,0.008224812
9/28/2015,-0.022433719
9/29/2015,0.015994437
9/30/2015,0.004791239
10/1/2015,-0.006811989
10/2/2015,0.01303155
10/5/2015,0.015572106
10/6/2015,0.049333333
10/7/2015,-0.010800508
10/8/2015,0.03018632
10/9/2015,-0.003117269
10/12/2015,-0.042526579
10/13/2015,-0.016329197
10/14/2015,-0.000664011
10/15/2015,0.005315615
10/16/2015,0.005948447
10/19/2015,-0.025624179
10/20/2015,-0.006743088
10/21/2015,-0.020366599
10/22/2015,0.005544006
10/23/2015,-0.016540317
10/26/2015,-0.018220042
10/27/2015,-0.013561742
10/28/2015,0.062952243
10/29/2015,-0.004084411
10/30/2015,0.012303486
11/2/2015,-0.004051317
11/3/2015,0.035932203
11/4/2015,-0.028141361
11/5/2015,-0.024915825
11/6/2015,-0.017265193
11/9/2015,-0.01054111
11/10/2015,0.000710227
11/11/2015,-0.023420866
11/12/2015,-0.029796512
11/13/2015,-0.021722846
11/16/2015,0.025267994
11/17/2015,-0.028379388
11/18/2015,0.003074558
11/19/2015,-0.006896552
11/20/2015,-0.002314815
11/23/2015,0.006960557
11/24/2015,0.023041475
11/25/2015,0.005255255
11/27/2015,-0.026885736
11/30/2015,-0.007674597
12/1/2015,0.00154679
12/2/2015,-0.036293436
12/3/2015,0.023237179
12/4/2015,-0.024275646
12/7/2015,-0.059390048
12/8/2015,-0.003412969
12/9/2015,-0.010273973
12/10/2015,-0.016435986
12/11/2015,-0.026385224
12/14/2015,0.008130081
12/15/2015,0.021505376
12/16/2015,-0.035964912
12/17/2015,-0.022747953
12/18/2015,-0.00744879
12/21/2015,0
12/22/2015,0.010318949
12/23/2015,0.04549675
12/24/2015,0.003552398
12/28/2015,-0.032743363
12/29/2015,0.030192132
12/30/2015,-0.029307282
12/31/2015,0.006404392
1/4/2016,-0.001818182
1/5/2016,-0.029143898
1/6/2016,-0.051594747
1/7/2016,-0.020771513
1/8/2016,-0.01010101
1/11/2016,-0.056122449
1/12/2016,-0.008648649
1/13/2016,-0.0087241
1/14/2016,0.01540154
1/15/2016,-0.047670639
1/19/2016,-0.034129693
1/20/2016,-0.029446408
1/21/2016,0.038834951
1/22/2016,0.082943925
1/25/2016,-0.078748652
1/26/2016,0.050351288
1/27/2016,0.023411371
1/28/2016,0.05664488
1/29/2016,-0.005154639
2/1/2016,-0.065284974
2/2/2016,-0.049889135
2/3/2016,0.089848308
2/4/2016,-0.023554604
2/5/2016,-0.023026316
2/8/2016,-0.03030303
2/9/2016,-0.053240741
2/10/2016,-0.026894866
2/11/2016,0.003768844
2/12/2016,0.042553191
2/16/2016,-0.00240096
2/17/2016,0.056558363
2/18/2016,-0.013667426
2/19/2016,-0.012702079
2/22/2016,0.042105263
2/23/2016,-0.048260382
2/24/2016,0.012971698
2/25/2016,0.024447031
2/26/2016,-0.002272727
2/29/2016,0.025056948
3/1/2016,0.016666667
3/2/2016,0.016393443
3/3/2016,-0.005376344
3/4/2016,0.043243243
3/7/2016,0.047668394
3/8/2016,-0.045499505
3/9/2016,0.051813472
3/10/2016,-0.010837438
3/11/2016,0.014940239
3/14/2016,-0.030421982
3/15/2016,-0.018218623
3/16/2016,0.049484536
3/17/2016,0.036345776
3/18/2016,-0.006635071
3/21/2016,0.010496183
3/22/2016,-0.004721435
3/23/2016,-0.040796964
3/24/2016,-0.004945598
3/28/2016,-0.004970179
3/29/2016,-0.020979021
3/30/2016,-0.007142857
3/31/2016,-0.003083248
4/1/2016,-0.03814433
4/4/2016,-0.026795284
4/5/2016,0.005506608
4/6/2016,0.051478642
4/7/2016,-0.009375
4/8/2016,0.054679285
4/11/2016,0.024925224
4/12/2016,0.035019455
4/13/2016,-0.012218045
4/14/2016,-0.002854424
4/15/2016,-0.021946565
4/18/2016,-0.007804878
4/19/2016,0.026548673
4/20/2016,0.030651341
4/21/2016,-0.003717472
4/22/2016,0.003731343
4/25/2016,-0.019516729
4/26/2016,0.02464455
4/27/2016,0.03052729
4/28/2016,0.007181329
4/29/2016,0.007130125
5/2/2016,-0.022123894
5/3/2016,-0.028054299
5/4/2016,0.004655493
5/5/2016,0.010194625
5/6/2016,0.005504587
5/9/2016,-0.025547445
5/10/2016,0.029026217
5/11/2016,0.031847134
5/12/2016,0.009700176
5/13/2016,-0.0069869
5/16/2016,0.034300792
5/17/2016,0.013605442
5/18/2016,-0.018456376
5/19/2016,0.007692308
5/20/2016,-0.003392706
5/23/2016,-0.007659574
5/24/2016,0.013722127
5/25/2016,0.017766497
5/26/2016,-0.006650042
5/27/2016,0.00251046
5/31/2016,-0.00918197
6/1/2016,0.00505476
6/2/2016,-0.005867561
6/3/2016,-0.003372681
6/6/2016,0.018612521
6/7/2016,0.014950166
6/8/2016,0.017184943
6/9/2016,-0.014481094
6/10/2016,-0.031020408
6/13/2016,-0.00926706
6/14/2016,-0.00255102
6/15/2016,-0.022165388
6/16/2016,-0.028770706
6/17/2016,0.046678636
6/20/2016,0.021440823
6/21/2016,-0.001679261
6/22/2016,-0.012615643
6/23/2016,0.02044293
6/24/2016,-0.048414023
6/27/2016,-0.018421053
6/28/2016,0.025022341
6/29/2016,0.027898867
6/30/2016,-0.018659881
7/1/2016,0.018150389
7/5/2016,-0.050933786
7/6/2016,0.013416816
7/7/2016,-0.045013239
7/8/2016,0.000924214
7/11/2016,-0.016620499
7/12/2016,0.050704225
7/13/2016,-0.039320822
7/14/2016,0.011162791
7/15/2016,0.011039558
7/18/2016,-0.015468608
7/19/2016,-0.011090573
7/20/2016,0.002803738
7/21/2016,-0.022367195
7/22/2016,-0.006673022
7/25/2016,-0.027831094
7/26/2016,-0.004935834
7/27/2016,-0.017857143
7/28/2016,-0.023232323
7/29/2016,0.009307135
8/1/2016,-0.035860656
8/2/2016,-0.008501594
8/3/2016,0.038585209
8/4/2016,0.015479876
8/5/2016,0.00203252
8/8/2016,0.024340771
8/9/2016,-0.002970297
8/10/2016,-0.02979146
8/11/2016,0.045035824
8/12/2016,0.028403526
8/15/2016,0.024761905
8/16/2016,0.014869888
8/17/2016,0.006410256
8/18/2016,0.028207461
8/19/2016,0.003539823
8/22/2016,-0.032627866
8/23/2016,0.010938924
8/24/2016,-0.024346258
8/25/2016,0.012014787
8/26/2016,0
8/29/2016,-0.00913242
8/30/2016,-0.011059908
8/31/2016,-0.034482759
9/1/2016,-0.028957529
9/2/2016,0.017892644
9/6/2016,0.014648438
9/7/2016,0.012512031
9/8/2016,0.041825095
9/9/2016,-0.033759124
9/12/2016,0.004721435
9/13/2016,-0.02537594
9/14/2016,-0.027000964
9/15/2016,0.004955401
9/16/2016,-0.013806706
9/19/2016,-0.002
9/20/2016,0.009018036
9/21/2016,0.032770606
9/22/2016,0.0125
9/23/2016,-0.032288699
9/26/2016,0.023552502
9/27/2016,-0.026845638
9/28/2016,0.049261084
9/29/2016,0.020657277
9/30/2016,0.005519779
10/3/2016,0.015553522
10/4/2016,-0.000900901
10/5/2016,0.023444545
10/6/2016,0.014096916
10/7/2016,-0.015638575
10/10/2016,0.030008826
10/11/2016,-0.007712082
10/12/2016,-0.012953368
10/13/2016,0.005249344
10/14/2016,-0.00435161
10/17/2016,-0.006118881
10/18/2016,0.00703606
10/19/2016,0.018340611
10/20/2016,-0.019725557
10/21/2016,0.004374453
10/24/2016,-0.004355401
10/25/2016,-0.016622922
10/26/2016,-0.013345196
10/27/2016,0.010820559
10/28/2016,-0.017841213
10/31/2016,-0.04359673
11/1/2016,0.00379867
11/2/2016,-0.02743614
11/3/2016,-0.019455253
11/4/2016,-0.009920635
11/7/2016,0.018036072
11/8/2016,-0.005905512
11/9/2016,0.017821782
11/10/2016,-0.023346304
11/11/2016,-0.02689243
11/14/2016,0.010235415
11/15/2016,0.047619048
11/16/2016,-0.010638298
11/17/2016,-0.009775171
11/18/2016,0.01875617
11/21/2016,0.043604651
11/22/2016,-0.012999071
11/23/2016,0.003762935
11/25/2016,-0.031865042
11/28/2016,0.010648596
11/29/2016,-0.036398467
11/30/2016,0.086481113
12/1/2016,0.036596523
12/2/2016,0.013239188
12/5/2016,-0.011324042
12/6/2016,-0.005286344
12/7/2016,-0.017714792
12/8/2016,0.019837692
12/9/2016,0.011494253
12/12/2016,0.015734266
12/13/2016,0.009466437
12/14/2016,-0.034953112
12/15/2016,0.003533569
12/16/2016,0.016725352
12/19/2016,-0.004329004
12/20/2016,0.010434783
12/21/2016,-0.015490534
12/22/2016,0.001748252
12/23/2016,0.008726003
12/27/2016,0.014705882
12/28/2016,0.00170503
12/29/2016,-0.002553191
12/30/2016,0
1/3/2017,-0.023890785
1/4/2017,0.012237762
1/5/2017,0.010362694
1/6/2017,-0.001709402
1/9/2017,-0.031678082
1/10/2017,-0.021220159
1/11/2017,0.027100271
1/12/2017,0.014951627
1/13/2017,-0.011265165
1/17/2017,0.001752848
1/18/2017,-0.023622047
1/19/2017,0.000896057
1/20/2017,0.019695613
1/23/2017,-0.006145742
1/24/2017,0.004416961
1/25/2017,-0.005277045
1/26/2017,0.019451813
1/27/2017,-0.011274935
1/30/2017,-0.010526316
1/31/2017,0.003546099
2/1/2017,0.014134276
2/2/2017,0.00261324
2/3/2017,0.002606429
2/6/2017,-0.013864818
2/7/2017,-0.016695958
2/8/2017,0.00357462
2/9/2017,0.010685663
2/10/2017,0.013215859
2/13/2017,-0.015652174
2/14/2017,0.005300353
2/15/2017,-0.001757469
2/16/2017,0.004401408
2/17/2017,-0.001752848
2/21/2017,0.013169447
2/22/2017,-0.01559792
2/23/2017,0.014964789
2/24/2017,-0.006071119
2/27/2017,0.0008726
2/28/2017,-0.001743679
3/1/2017,-0.004366812
3/2/2017,-0.020175439
3/3/2017,0.010743062
3/6/2017,-0.00088574
3/7/2017,-0.000886525
3/8/2017,-0.053238687
3/9/2017,-0.0131209
3/10/2017,-0.022792023
3/13/2017,-0.000971817
3/14/2017,-0.008754864
3/15/2017,0.018645731
3/16/2017,-0.001926782
3/17/2017,-0.002895753
3/20/2017,-0.005808325
3/21/2017,-0.015579357
3/22/2017,0.00098912
3/23/2017,-0.010869565
3/24/2017,0.007992008
3/27/2017,-0.004955401
3/28/2017,0.010956175
3/29/2017,0.021674877
3/30/2017,0.019286403
3/31/2017,0.006622517
4/3/2017,-0.008458647
4/4/2017,0.015165877
4/5/2017,-0.00280112
4/6/2017,0.016853933
4/7/2017,0.009208103
4/10/2017,0.016423358
4/11/2017,0.002692998
4/12/2017,-0.005371531
4/13/2017,0.00180018
4/17/2017,-0.006289308
4/18/2017,-0.001808318
4/19/2017,-0.038043478
4/20/2017,-0.007532957
4/21/2017,-0.020872865
4/24/2017,-0.006782946
4/25/2017,0.010731707
4/26/2017,-0.00965251
4/27/2017,-0.001949318
4/28/2017,0
5/1/2017,-0.008789063
5/2/2017,-0.022660099
5/3/2017,0.001008065
5/4/2017,-0.047331319
5/5/2017,0.021141649
5/8/2017,0.001035197
5/9/2017,-0.010341262
5/10/2017,0.03030303
5/11/2017,0.00811359
5/12/2017,0.001006036
5/15/2017,0.022110553
5/16/2017,-0.005899705
5/17/2017,0.007912957
5/18/2017,0.00686948
5/19/2017,0.021442495
5/22/2017,0.005725191
5/23/2017,0.009487666
5/24/2017,-0.003759398
5/25/2017,-0.052830189
5/26/2017,0.023904382
5/30/2017,-0.003891051
5/31/2017,-0.02734375
6/1/2017,-0.00502008
6/2/2017,-0.005045409
6/5/2017,-0.006085193
6/6/2017,0.017346939
6/7/2017,-0.05115346
6/8/2017,-0.003171247
6/9/2017,0.006362672
6/12/2017,0.003161222
6/13/2017,0.008403361
6/14/2017,-0.038541667
6/15/2017,-0.005417118
6/16/2017,0.006535948
6/19/2017,-0.012987013
6/20/2017,-0.018640351
6/21/2017,-0.026815642
6/22/2017,0.008036739
6/23/2017,0.009111617
6/26/2017,0.007900677
6/27/2017,0.019036954
6/28/2017,0.010989011
6/29/2017,0.001086957
6/30/2017,0.031487514
7/3/2017,0.012631579
7/5/2017,-0.038461538
7/6/2017,0.006486486
7/7/2017,-0.022556391
7/10/2017,0.003296703
7/11/2017,0.015334064
7/12/2017,0.006472492
7/13/2017,0.015005359
7/14/2017,0.012671595
7/17/2017,-0.01459854
7/18/2017,0.00952381
7/19/2017,0.01572327
7/20/2017,-0.008255934
7/21/2017,-0.028095734
7/24/2017,0.017130621
7/25/2017,0.032631579
7/26/2017,0.01529052
7/27/2017,0.010040161
7/28/2017,0.010934394
7/31/2017,0.010816126
8/1/2017,-0.01848249
8/2/2017,0.004955401
8/3/2017,-0.01183432
8/4/2017,0.010978044
8/7/2017,-0.0029615
8/8/2017,-0.003960396
8/9/2017,0.008946322
8/10/2017,-0.02364532
8/11/2017,0.008072654
8/14/2017,-0.027027027
8/15/2017,0.00308642
8/16/2017,-0.018461538
8/17/2017,0.00522466
8/18/2017,0.036382536
8/21/2017,-0.026078235
8/22/2017,0.006179197
8/23/2017,0.011258956
8/24/2017,-0.017206478
8/25/2017,0.004119464
8/28/2017,-0.022564103
8/29/2017,-0.007345226
8/30/2017,-0.00845666
8/31/2017,0.026652452
9/1/2017,0.004153686
9/5/2017,0.025853154
9/6/2017,0.012096774
9/7/2017,-0.000996016
9/8/2017,-0.029910269
9/11/2017,0.009249743
9/12/2017,0.00509165
9/13/2017,0.020263425
9/14/2017,0.005958292
9/15/2017,0.006910168
9/18/2017,-0.002941176
9/19/2017,-0.005899705
9/20/2017,0.012858556
9/21/2017,0.000976563
9/22/2017,-0.00097561
9/25/2017,0.030273438
9/26/2017,-0.005687204
9/27/2017,0.002859867
9/28/2017,-0.008555133
9/29/2017,0
10/2/2017,-0.021093001
10/3/2017,-0.002938296
10/4/2017,-0.009823183
10/5/2017,0.016865079
10/6/2017,-0.027317073
10/9/2017,0.003009027
10/10/2017,0.028
10/11/2017,0.007782101
10/12/2017,-0.012548263
10/13/2017,0.013685239
10/16/2017,0.008678881
10/17/2017,0.002868069
10/18/2017,-0.000953289
10/19/2017,-0.01240458
10/20/2017,0.007729469
10/23/2017,-0.000958773
10/24/2017,0.011516315
10/25/2017,-0.0056926
10/26/2017,0.008587786
10/27/2017,0.025543992
10/30/2017,0.002767528
10/31/2017,0.005519779
11/1/2017,-0.002744739
11/2/2017,0.008256881
11/3/2017,0.017288444
11/6/2017,0.029516995
11/7/2017,-0.001737619
11/8/2017,-0.006962576
11/9/2017,0.004382121
11/10/2017,-0.003490401
11/13/2017,-0.003502627
11/14/2017,-0.021968366
11/15/2017,-0.00359389
11/16/2017,-0.001803427
11/17/2017,0.025293586
11/20/2017,-0.006167401
11/21/2017,0.010638298
11/22/2017,0.01754386
11/24/2017,0.01637931
11/27/2017,-0.016963528
11/28/2017,-0.000862813
11/29/2017,-0.009499136
11/30/2017,0
12/1/2017,0.017436792
12/4/2017,-0.015424165
12/5/2017,0.00435161
12/6/2017,-0.029462738
12/7/2017,0.011607143
12/8/2017,0.014121801
12/11/2017,0.009573542
12/12/2017,-0.013793103
12/13/2017,-0.009615385
12/14/2017,0.008826125
12/15/2017,0.002624672
12/18/2017,-0.001745201
12/19/2017,0.006118881
12/20/2017,0.008688097
12/21/2017,0.002583979
12/22/2017,0.001718213
12/26/2017,0.024871355
12/27/2017,-0.00251046
12/28/2017,0.004194631
12/29/2017,0.003341688
